:020000040000fa
:020000041fc01b
:042ff000fffffffee2
:020000040000fa
:020000041fc01b
:042ff400d979f8ff90
:020000040000fa
:020000041fc01b
:042ff800fb4d74ff1a
:020000040000fa
:020000041fc01b
:042ffc00feffff7f56
:020000040000fa
:020000041fc01b
:100000000200f00f0000000000601a40c0045a7f98
:100010000500401300000000019d1a3c6c975a2710
:10002000080040030000000002a01d3cf0ffbd27b7
:1000300000a01c3cf07f9c27026009402058200152
:10004000801e2a7d8449497d02608940c0000000ed
:1000500000e0dc4102608b40c0000000019d083cd4
:10006000309a082509f800010000000000a0083cb3
:100070000800082500a0093c3001292503000010d4
:1000800000000000000000ad040008252b08090155
:10009000fcff201400000000009d083ca07f082504
:1000a00009f80001000000000000093c00002925bb
:1000b00010002011000000000200093c000029256a
:1000c00088bf0a3c10204a25000049ad0200093cc7
:1000d0000000292588bf0a3c20204a25000049ada0
:1000e0000200093c0000292588bf0a3c30204a252f
:1000f000000049ad00488040ffff0a2400588a40b4
:100100004000083c00600a4025500a0100608a4017
:10011000c09f093c00102925c000000001788940db
:100120000000093c0100292500000a2444492a7dd9
:1001300001608a408000093c0068894000800840d6
:100140008005097d404c0900006008405800013cd2
:10015000244001012540280100608840c0000000c3
:10016000019d083c389a082509f8000100000000ac
:1001700000600840bfff013cffff21342440010123
:1001800000608840000084300000a530019d083cdc
:0c0190002c8d0825080000010000000074
:020000040000fa
:020000041fc01b
:10038000019d1a3c548f5a270800400300000000ca
:020000040000fa
:020000041fc01b
:10118000009d1a3cb86f5a27080040030000000079
:020000040000fa
:020000041fc01b
:08120000e723400b0000000091
:020000040000fa
:020000041fc01b
:08122000e723400b0000000071
:020000040000fa
:020000041fc01b
:08124000e723400b0000000051
:020000040000fa
:020000041fc01b
:08126000e723400b0000000031
:020000040000fa
:020000041fc01b
:081280005412400b00000000b5
:020000040000fa
:020000041fc01b
:0812a000e723400b00000000f1
:020000040000fa
:020000041fc01b
:0812c000e723400b00000000d1
:020000040000fa
:020000041fc01b
:0812e000e723400b00000000b1
:020000040000fa
:020000041fc01b
:08130000f217400b0000000091
:020000040000fa
:020000041fc01b
:08132000e723400b0000000070
:020000040000fa
:020000041fc01b
:08134000e723400b0000000050
:020000040000fa
:020000041fc01b
:08136000e723400b0000000030
:020000040000fa
:020000041fc01b
:081380004618400b00000000bc
:020000040000fa
:020000041fc01b
:0813a000e723400b00000000f0
:020000040000fa
:020000041fc01b
:0813c000e723400b00000000d0
:020000040000fa
:020000041fc01b
:0813e000e723400b00000000b0
:020000040000fa
:020000041fc01b
:08140000e723400b000000008f
:020000040000fa
:020000041fc01b
:08142000e723400b000000006f
:020000040000fa
:020000041fc01b
:08144000e723400b000000004f
:020000040000fa
:020000041fc01b
:08146000e723400b000000002f
:020000040000fa
:020000041fc01b
:08148000e723400b000000000f
:020000040000fa
:020000041fc01b
:0814a000e723400b00000000ef
:020000040000fa
:020000041fc01b
:0814c000e723400b00000000cf
:020000040000fa
:020000041fc01b
:0814e000e723400b00000000af
:020000040000fa
:020000041fc01b
:08150000410b400b000000004c
:020000040000fa
:020000041fc01b
:08152000e723400b000000006e
:020000040000fa
:020000041fc01b
:08154000e723400b000000004e
:020000040000fa
:020000041fc01b
:08156000e723400b000000002e
:020000040000fa
:020000041fc01b
:08158000e723400b000000000e
:020000040000fa
:020000041fc01b
:0815a000e723400b00000000ee
:020000040000fa
:020000041fc01b
:0815c000e723400b00000000ce
:020000040000fa
:020000041fc01b
:0815e000e723400b00000000ae
:020000040000fa
:020000041fc01b
:08160000e723400b000000008d
:020000040000fa
:020000041fc01b
:08162000e723400b000000006d
:020000040000fa
:020000041fc01b
:08164000e723400b000000004d
:020000040000fa
:020000041fc01b
:08166000e723400b000000002d
:020000040000fa
:020000041fc01b
:08168000e723400b000000000d
:020000040000fa
:020000041fc01b
:0816a000e723400b00000000ed
:020000040000fa
:020000041fc01b
:0816c000e723400b00000000cd
:020000040000fa
:020000041fc01b
:0816e000e723400b00000000ad
:020000040000fa
:020000041fc01b
:08170000e723400b000000008c
:020000040000fa
:020000041fc01b
:08172000e723400b000000006c
:020000040000fa
:020000041fc01b
:08174000e723400b000000004c
:020000040000fa
:020000041fc01b
:08176000e723400b000000002c
:020000040000fa
:020000041fc01b
:08178000e723400b000000000c
:020000040000fa
:020000041fc01b
:0817a000e723400b00000000ec
:020000040000fa
:020000041fc01b
:0817c000e723400b00000000cc
:020000040000fa
:020000041fc01b
:0817e000e723400b00000000ac
:020000040000fa
:020000041fc01b
:08180000e723400b000000008b
:020000040000fa
:020000041fc01b
:08182000e723400b000000006b
:020000040000fa
:020000041fc01b
:08184000e723400b000000004b
:020000040000fa
:020000041fc01b
:08186000e723400b000000002b
:020000040000fa
:020000041fc01b
:1004800000f89b40c0000000019d1b3ce48f7b27cf
:10049000020060130000000000c09b4000f81b40f9
:0c04a000c00000001f000042000000002f
:020000040000fa
:020000041d00dd
:1000000098ffbd276400bfaf6000beaf5c00b7af14
:100010005800b6af5400b5af5000b4af4c00b3af0a
:100020004800b2af4400b1af4000b0af21f0800053
:100030002188a0007000a6af3000a0af3400a0afb0
:10004000218000000000248201003226de008010a2
:100050001600a4a325000224e80082140200222630
:1000600021a80000009d033c98006524ffff488004
:10007000e0ff0325ff0063301100642c1f00801097
:10008000ffff5124801803002118a3000000638c97
:100090000800600000000000bc03009dfc00009d03
:1000a000fc00009db003009dfc00009dfc00009d35
:1000b000fc00009dfc00009dfc00009dfc00009ddc
:1000c000fc00009da403009dfc00009d9803009d82
:1000d000fc00009dfc00009ddc00009d0400b53686
:1000e00001004224ffff4880e0ff0325ff0063304a
:1000f0001100642ce3ff8014ffff5124009d043c99
:10010000156986242110c800000042900200a43224
:10011000feffa3320ba864000800a432fbffa33249
:100120000400423021282002bb0040100ba86400cc
:10013000212800015000400b2140000021284000f0
:10014000010031260000228240380800c02008004b
:100150002118c200000063902140e4002140050105
:1001600004006330f5ff6014d0ff08252e0003243f
:10017000b0004350010022820010b53621a00000db
:10018000009d053cb401a52410000724008006242e
:10019000ff0043307900642cc40280100100312636
:1001a000801803002118a3000000638c0800600081
:1001b00000000000c803009dac0c009dac0c009d2d
:1001c000ac0c009dac0c009dac0c009dac0c009ddb
:1001d000ac0c009dac0c009dac0c009dac0c009dcb
:1001e000ac0c009dac0c009dac0c009dac0c009dbb
:1001f000ac0c009dac0c009dac0c009dac0c009dab
:10020000ac0c009dac0c009dac0c009dac0c009d9a
:10021000ac0c009dac0c009dac0c009dac0c009d8a
:10022000ac0c009dac0c009dac0c009dac0c009d7a
:10023000ac0c009dac0c009dac0c009dac0c009d6a
:10024000ac0c009dac0c009dac0c009dac0c009d5a
:10025000ac0c009dac0c009dac0c009dac0c009d4a
:10026000ac0c009dac0c009dac0c009dac0c009d3a
:10027000ac0c009dac0c009dac0c009dac0c009d2a
:10028000ac0c009dac0c009dac0c009dac0c009d1a
:10029000ac0c009dac0c009dac0c009dac0c009d0a
:1002a000ac0c009dac0c009dac0c009dac0c009dfa
:1002b000ac0c009dac0c009dac0c009dac0c009dea
:1002c000ac0c009dac0c009d700c009dac0c009d16
:1002d0005c0c009dac0c009dac0c009dac0c009d1a
:1002e000ac0c009d840c009dac0c009dac0c009de2
:1002f000ac0c009dac0c009dac0c009dac0c009daa
:10030000ac0c009dac0c009dac0c009dac0c009d99
:10031000ac0c009d200c009dac0c009dac0c009d15
:10032000ac0c009dac0c009dac0c009dac0c009d79
:10033000ac0c009dac0c009dac0c009dac0c009d69
:10034000c40b009dbc0b009d3c0c009d2c0c009d23
:100350004c0c009dac0c009dbc0b009dac0c009d9a
:10036000ac0c009d840c009dac0c009dac0c009d61
:10037000ac0b009d200c009dac0c009dac0c009db6
:10038000b40a009dac0c009d4009009dac0c009d82
:10039000ac0c009da804009d0800b5363900400b48
:1003a000010042240200b5363900400b010042240e
:1003b0000008b5363900400b010042240100b53673
:1003c0003900400b01004224211000026400bf8f5d
:1003d0006000be8f5c00b78f5800b68f5400b58f99
:1003e0005000b48f4c00b38f4800b28f4400b18fdf
:1003f0004000b08f0800e0036800bd279a18400f46
:100400002128c003ffff03240eff43102188400270
:100410001100400b010010262a0002241b000211cb
:100420002e0003242110000153ff4314214000003b
:10043000010022822a0003249b0543100040b536a8
:100440002118c200000063900100312604006330cf
:100450004bff601021a0000040181400c0a0140041
:100460000100312621a0740021a082020000228216
:100470002118c2000000639004006330f6ff60148e
:10048000d0ff94266100400b009d053c7000a78fb3
:100490000000e88c010031260100a2800400e7245e
:1004a0005b00400b7000a7af780002241600a2a3e7
:1004b0008000b5360007a23228014010c000a232e9
:1004c0000010a4321000a23206000324fd034010e5
:1004d0000ba064007000a38f070062240410027c4c
:1004e000080044247000a4af0000458c1800a5af9c
:1004f0000400578c1800a38f212060002128e002ff
:1005000021300000213800003619400f3c00a8af10
:10051000fd0340043c00a88f1800a38f2120600039
:100520002128e00221300000213800001000a0af97
:100530003619400f3c00a8af000440143c00a88fbf
:100540001c00a0af0001a2321a0240140002a23225
:10055000130240141c00a38f1900822a02064014c3
:10056000ff0084321c00a78f0a00e2281700401009
:10057000009d023c1800a38f212060002128e0028a
:1005800021300000213800003619400f3c00a8af90
:100590003c00a88fdd0540101800a38f21206000cb
:1005a0006920400f2128e0022190400021b0600026
:1005b00025104300dc0540143c00a88f1c00a38fcd
:1005c00002006228d8054014009d023c006d468c54
:1005d000046d478c3000a48f3400a58f3619400f6e
:1005e0003c00a8afb40541043c00a88f1c00a48fb8
:1005f000edff89241000a9af212020013c00a8af05
:100600003110400f3800a9af3000a2af3400a3afc3
:100610001800a48f3000a68f3400a78fe407400f86
:100620002128e002212040006920400f212860009d
:100630002190400021b060002000a0af2400a0afb6
:100640003c00a88f3800a98f3606c0120a00422e3f
:10065000009d033c506c63240200022402000a2423
:1006600014000724212040010400658c2b58c5028a
:100670006f056015213040006a05b6500000658c9a
:1006800001004424211080002024047cf6ff47143c
:10069000080063241600a4a3140006240008a23254
:1006a00021308602ffff53302148c90025109302f4
:1006b00023b809012b1002000300a33223b8e20281
:1006c0002b1803000400a2323b05401023b8e302bc
:1006d0000200a232890540100100a2320100a432ba
:1006e0002d0002242b0003240a1064002120400066
:1006f0009a18400f2128c003271002002b10020077
:10070000218002020a00e05a0800b53230000424b9
:100710009a18400f2128c003271002002b10020056
:10072000fffff726f9ffe016218002020800b5322c
:10073000ffffb5321800b5af009d153ce301400b3b
:10074000406cb526c01803002118a3020000668c77
:100750000400678c212040022b0a400f2128c00290
:1007600021204000212860000a0006241209400fc1
:1007700021380000300044249a18400f2128c0037b
:10078000271002002b100200218002021600a28313
:10079000ffff4324201c037ceaff40141600a3a3a0
:1007a0001000a28f0c0040181300822a300004248d
:1007b0009a18400f2128c003271002002b180200ae
:1007c0001000a28fffff422421800302f7ff401c8c
:1007d0001000a2af1300822a9b0540142014147c41
:1007e000120002241600a2a3eeff94262e00042479
:1007f0009a18400f2128c003ffff03240200431072
:100800001600b583010010263110400f2120a002f0
:1008100021204000212860002000a68f5d0d400fa0
:100820002400a78f212040006920400f212860006c
:1008300021404000ffffa2262014027c2700a012c6
:100840001600a2a3009d123c406c522621a8e00293
:1008500021b0000121b86000c01002002110420246
:100860000000468c0400478c2120c0022b0a400f58
:100870002128e00221204000212860000a000624ef
:100880001209400f21380000300044249a18400f0c
:100890002128c0031600b383271002002b1002008a
:1008a000c0181300211843020000668c0400678cf6
:1008b0002120c0022128e0021209400f21800202fb
:1008c00021b0400021b86000ffff62262014027ca6
:1008d000e1ff60161600a2a321b8a0020a00801250
:1008e0001800a68f300004249a18400f2128c00356
:1008f000271002002b100200ffff9426f9ff80163c
:10090000218002021800a68fcffdc0500000248273
:10091000cdfde05a00002482200004249a18400fe4
:100920002128c003271002002b100200fffff7262a
:10093000f9ffe016218002021200400b0000248221
:10094000750002241600a2a3c000b5360007a2322b
:10095000dcfe40140010a432c000a232cf024014ca
:100960002016157cbd0440047000a78f1000a23231
:100970007d0440107000a48f7000a38f0000628c73
:10098000040063247000a3afc31f020021b0400025
:100990001800a3af21206000070081042348020053
:1009a0002b100900231803000300b53621b02001e5
:1009b000231862001800a3af04008016c000b332f1
:1009c0001800a38f25a0c3020100942e400002242a
:1009d000060262124100622ebd0040148000022413
:1009e0001804621201000224c0000224bb00621637
:1009f0001600b783010002241600a2a31800a48fda
:100a0000520580100a00c22e009d023c506c422408
:100a100002001724140005241800a68f0400438c3c
:100a20002b20c300ad0080541600b7a39904665074
:100a30000000438c0100f72620bc177cf7ffe51669
:100a400008004224140017242a10f402a6004014bf
:100a50001600a5a32a1097020ba0e20205000011c0
:100a60000040a2320300a2322b10020023400201f8
:100a70000040a232a0004010c408a3322a1088020d
:100a80009c00405423401401c408a33240080224af
:100a90009c006214214000002a10e802a3004014c8
:100aa0000400a232330540100800a2324d03400b6f
:100ab00021b80000730002241600a2a37000a58fc5
:100ac0000000a48c0400a5241005801021b0800033
:100ad00000008280110540507000a5af0100822403
:100ae0002390440001004224ffff4380fdff605437
:100af000239044007000a5af030080120800b532b7
:100b00002b1092020b9082022b9848022340120174
:100b1000ffffb5320a4013000c00a0162198000117
:100b20000a006052ffff1324200004249a18400f8b
:100b30002128c003271002002b100200ffff73269c
:100b4000f9ff601621800202ffff1324ffff5226e7
:100b5000ffff14240a005412000000000000c482a9
:100b60002128c0039a18400f0100d6262710020042
:100b70002b100200ffff5226f8ff541621800202bc
:100b800031fda052000024822efd601220000424ba
:100b90009a18400f2128c003271002002b100200d2
:100ba00021800202e202400bffff73266f00022445
:100bb0001600a2a32d01400b4000b5362d01400bbd
:100bc0001600a2a37000a68f0000c38c1000a632ee
:100bd0007000a78f0400e524c3270300002604004b
:100be00002120300251082002024027c3300c01072
:100bf0001600a4a301004224ff0042300200422c50
:100c00002f0040541400a3a31400a4a31500a3a311
:100c1000020012241400b627be02400b7000a5afdc
:100c20001600a2a32c01400b2000b536660002245a
:100c30001600a2a32d01400b0004b5366500022466
:100c40001600a2a32d01400b0001b5366700022457
:100c50001600a2a32d01400b0002b5364700022466
:100c60001600a2a32000b5362d01400b0002b536b8
:100c7000450002241600a2a32000b5362d01400b2a
:100c80000001b5361000a2322120c0000a20e20087
:100c900025a89500ffffb53200002282ff004330f7
:100ca0007900642c3efd8014010031261600a2a3b9
:100cb0001600b627be02400b010012241400a3a3a5
:100cc000010012241400b627be02400b7000a5af2d
:100cd00049ff6012010002241600b7832a10f402b3
:100ce0005dff40102a10970220bc147c9702400b35
:100cf0001600b7a3c408a33240080224e102621020
:100d00002b100800c008a3328008022463ff62147d
:100d10002a10e80203000229feff08250b4002000a
:100d20002a10e8025fff40100400a232490140107f
:100d300023b817010200a2322e0340100100a23294
:100d40000100a4322d0002242b0003240a106400a9
:100d5000212040009a18400f2128c00327100200cc
:100d60002b100200218002020a00e0120800a232c9
:100d7000300004249a18400f2128c00327100200d5
:100d80002b100200fffff726f9ffe0162180020278
:100d90000800a232ffff4230ae04400b1c00a2af9d
:100da000fcff6228030040142a107400b70240546c
:100db0001c00a38fb1028012211000004002a27e0d
:100dc00023a082021300822e6e044014120002241b
:100dd0001600a2a31800a38f212060002128e002a2
:100de00021300000213800003619400f3c00a8af28
:100df000050240143c00a88f1800a38f212060003a
:100e0000801f400f2128e0022000a2af009d123c6d
:100e10001000a48f1c00a4af406c52263c00a88f89
:100e2000000aa332000202244c0262101500832a39
:100e300023b81401c6008016fbfff7260008a23273
:100e4000c4004054fffff7260300a2321c00a48f09
:100e5000630083242b100200c700632c23b8e20236
:100e60000100632c0400a232c400401023b8e30246
:100e70000200a2324c0340100100a2320100a43251
:100e80002d0002242b0003240a10640021204000be
:100e90009a18400f2128c003271002002b100200cf
:100ea000218002020a00e01a0800b6323000042451
:100eb0009a18400f2128c003271002002b100200af
:100ec000fffff726f9ffe016218002020800b63284
:100ed000ffffd6321800b6af1600a2832000a48f01
:100ee00021280000c0100200211042020000468ca0
:100ef0002b0a400f0400478c300044249a18400ffe
:100f00002128c0031600a383271002002b10020023
:100f1000c0180300211843020000668c0400678c8f
:100f20002000a48f212800001209400f2180020216
:100f300021b0400004008016219860000008a23211
:100f4000430040502000b5322e0004249a18400f70
:100f50002128c0031600a5832000a5af271002009a
:100f60002b100200ffffa4242024047c2180020215
:100f70002a00a0101600a4a30002a232ffff4830ee
:100f80002800b4af1c00b1af21a0c00221b0000105
:100f900021886002219840020300c01225109102ae
:100fa000f90240501c00b18fc020040021206402cf
:100fb0000000868c0400878c212080022b0a400fc1
:100fc00021282002300044249a18400f2128c00311
:100fd0001600b283271002002b100200c018120066
:100fe000211863020000668c0400678c21208002b7
:100ff000212820021209400f21800202ffff44260f
:101000002024047c21a0400021886000e2ff4016db
:101010001600a4a32800b48f1c00b18f2000a68f57
:1010200023a086020a0080522000b532300004243a
:101030009a18400f2128c003271002002b1002002d
:10104000ffff9426f9ff8016218002022000b532ae
:101050000200a01645000424650004249a18400fdd
:101060002128c003271002002b1002002180020259
:101070001000a28fae0240042b0004249a18400fe7
:101080002128c003271002002b1002002180020239
:101090001000a28f640043288b026010eb51123cb9
:1010a0006666123c67665226180052001020000047
:1010b000c31702002128c0038320040023208200dc
:1010c0009a18400f300084241000a38f27100200cc
:1010d0002b3002001800720010100000c32703001c
:1010e0002128c0032180060283100200231044003f
:1010f00040200200c0100200211082002320620064
:101100009a18400f30008424271002002b10020090
:10111000218002021800a28fcbfb405000002482e5
:10112000c9fbe05a00002482200004249a18400fd2
:101130002128c003271002002b100200fffff72612
:10114000f9ffe016218002021200400b0000248209
:10115000fffff7260300a2321c00a48f6300832444
:101160002b100200c700632c23b8e2020100632c9d
:101170000400a2323eff401423b8e3020800b63256
:10118000ffffd6320b00c0161800b6af0a00e01af7
:101190000200a232200004249a18400f2128c00324
:1011a000271002002b100200fffff726f9ffe016c0
:1011b000218002020200a232770240100100a23216
:1011c0000100a4322d0002242b0003240a10640025
:1011d000212040009a18400f2128c0032710020048
:1011e0002b100200b603400b2180020201000224f2
:1011f0001600a2a31800a68f5003c0100800c22e2c
:1012000003000324020017244000042421100000de
:1012100016000a241800a68f2b28c200affea05487
:101220001600b7a3a00246102b28c40201006924af
:10123000423f0400c028020020bc037cff00233191
:101240002510e500f4ff6a14c02004003703400baa
:101250001600b7a30800a232ffff42300300e012dd
:101260001c00a2af60004010200004240200a23243
:10127000dc0140100100a2320100a4322d00022442
:101280002b0003240a106400212040009a18400f0c
:101290002128c003271002002b1002002180020227
:1012a000c008a23240080324f70243108008032438
:1012b0000103431030000424ffff8426009d123cec
:1012c000c0100400406c5226404004002000a332ad
:1012d0002190420280a0040021a804011800a78fd9
:1012e00040400700ffff63302000a3af2800b7afe6
:1012f00021b880022c00b1af2188a00221a8600291
:101300002198e000fdff02241600221221a0000116
:10131000400002245600a2124100a22e21004014d7
:10132000800002244100a21227181700c0000224e6
:101330001f00a2520000468e1600a4839a18400f88
:101340002128c003271002002b1002002180020276
:10135000f8ff5226fdff3126fdff0224ecff221686
:10136000fcfff7262800b78f1c00a68f35fbc010a6
:101370002c00b18f34fbe05a0000248220000424aa
:101380009a18400f2128c003271002002b100200da
:10139000fffff726f9ffe016218002021200400b42
:1013a00000002482e5ffa0561600a4830000468eac
:1013b0000400478e2120c0022b0a400f2128600222
:1013c00021204000212860000a0006241209400f55
:1013d00021380000300042242024027ccf04400b3e
:1013e0001600a4a3200004249a18400f2128c0034b
:1013f000271002002b100200fffff7269bffe012d0
:1014000021800202200004249a18400f2128c003e2
:10141000271002002b100200fffff726f1ffe01655
:10142000218002029c04400b0200a23204187400c6
:101430000610f6022000e632251062000628f302ac
:10144000009d043c186c8324009d073c2c6ce42414
:101450000b10a6002000a58f0a1885000f0042304f
:101460002118620000006480cf04400b1600a4a382
:1014700027101100041054000620360220002332e9
:1014800025204400061033020b204300070084305f
:1014900030008424cf04400b1600a4a3e6014004ce
:1014a0001000a232ab0140107000a28f7000a78f15
:1014b0000000f68c1800a0af0400e7246e02400b79
:1014c0007000a7af7000a68f0700c2240410027c32
:1014d0000000478c1800a7af0400578c0800422476
:1014e0007000a2af1800a38f212060002128e00225
:1014f00021300000213800003619400f3c00a8af11
:1015000005fc41043c00a88f0080023c26b8e202a2
:101510000300b5361800a38f212060002128e002c7
:1015200021300000213800001000a0af3619400f14
:101530003c00a8af02fc40103c00a88f1800a38f0d
:10154000212060002128e0022b1e400f1000a6275a
:101550001000a28fffff42244018020021106200f9
:101560006666123c67665226180052001090000012
:10157000c317020083901200239042023a024006f1
:101580003c00a88f1000b2af232012003110400f92
:101590003c00a8af21204000212860001800a38f44
:1015a000213060005d0d400f2138e0023000a2af15
:1015b0003400a3af009d023ce86c468cec6c478c79
:1015c0003000a48f3619400f3400a58f2802400444
:1015d0003c00a88f009d023cf06c448cf46c458c60
:1015e0003000a68f3400a78f3619400f3c00a8affb
:1015f0000300401c3c00a88f010052261000b2af2f
:101600005101400b1c00b2af1600b6831c00a58f21
:101610002320b6003110400f3c00a8af1800a68f61
:101620002120c0002128e00221304000e407400fc3
:10163000213860002198400021906000211840006e
:1016400021206000801f400f2128400221204000ff
:101650000a24400f3800a2af212060022128400256
:1016600021304000510c400f21386000009d063ca5
:10167000e06cc6240000c48c0400c58c21304000fe
:10168000213860001800b3af3619400f21b840026e
:101690003c00a88f3e01401c3800a98f009d023cf1
:1016a000e06c468ce46c478c21206002530c400fa8
:1016b0002128400221204000212860001800a2af0c
:1016c000801f400f21b860003c00a88f009d123c95
:1016d0000100c326c0180300406c522621184302a3
:1016e0000400648c590080142000a2af0000638cb9
:1016f0002b18430056006014c01816001800a28f63
:10170000212040002128e002009d033cf86c632466
:101710000000668c0400678c5d0d400f3c00a8af94
:1017200021204000212860001c00a68f0100d62443
:101730001800a2af21b860001000b6af801f400fa4
:101740001c00b6af2000a2af000aa33200020224a0
:10175000b7fd62143c00a88f1500832a14000224f0
:101760002000a78f2500e0100aa043002120e00000
:10177000212800000a000624213800001209400f29
:101780003c00a8af251043001c0040143c00a88f6b
:101790002000b38f21b000002800b0af2180c0022c
:1017a00021b06002f205400b219800012120400089
:1017b0000a0006241209400f2138000025104300ba
:1017c0000d004014214060022120c00221280002a7
:1017d0000a0006242b0a400f21380000212860004f
:1017e00025206200ffff942621b04000efff801407
:1017f00021806000214060022800b08f1600a48381
:101800002a1084028bfd405023b814012320940039
:101810003110400f3c00a8af1800a68f2120c00057
:101820002128e0022130400021386000e407400f09
:101830001600b4a321204000801f400f2128600023
:101840002000a2af8c03400b3c00a88fc0181600ec
:10185000211843020400648c1b0180541800a28fdd
:101860000000638c2b104300170140141800a28f56
:101870001000a78f8803400b1c00a7af7503400b17
:101880001600a2a3a602400b2340020199016004a6
:101890001800a38f212060002128e0026920400f5a
:1018a0003c00a8af2150400021b06000251043004b
:1018b000ae0140103c00a88f009d033c486c63249f
:1018c00001000224140007240400648c2b28c402a5
:1018d0000700a01421304000720196500000648c73
:1018e00001004224f8ff4714080063241400062472
:1018f00023a086021900822a27014014ff008432a7
:10190000212080023c00a8af3110400f3800aaaf60
:1019100021904000219860003800aa8f21204001ca
:10192000bf22400f2128c0021800a78f2120e0000d
:101930002128e00221304000510c400f2138600086
:101940002120400021286000213040025d0d400f21
:1019500021386002212040006920400f21286000ca
:1019600021904000219860003c00a88f2120400277
:10197000212860020a000624213800001209400fc5
:101980003c00a8af25104300f6fa40143c00a88f95
:101990006e06400b21b0000121204000212860008c
:1019a0000a0006241209400f2138000025104300c8
:1019b000ecfa40142140c00221204002212860029c
:1019c0000a000624213800002b0a400fffff94264e
:1019d00021904000f0ff8016219860005901400bd3
:1019e0002140c0022ffe4010c008a232a304400bc9
:1019f0002000042422014014c008a33280080224dd
:101a0000d9fc6214300004249a18400f2128c00326
:101a1000271002002000a5322b10020058000324da
:101a2000780004240b2065002128c0039a18400f79
:101a300021800202271002002b1002005a03400be3
:101a4000218002021600a2a31800a58f4301a01056
:101a50001000c22e030003240200172400010424f6
:101a60002110000011000a241800a68f2b28c200a4
:101a70009afca0541600b7a3820046102b28c4027b
:101a800001006924023f04000029020020bc037cfd
:101a9000ff0023312510e500f4ff6a140021040043
:101aa0003703400b1600b7a37000a28f0000548cc0
:101ab000020022827000a38f040063247000a3af91
:101ac0006000400b020031261f855236180052007c
:101ad00010200000c31702002128c0034321040086
:101ae000232082009a18400f300084241000a38f16
:101af000271002002b28020018007200102000009e
:101b0000c317030021800502432104002310820033
:101b100080200200001102002110820080200200bb
:101b200021104400231062002804400b1000a2afd3
:101b3000231002002d0004242128c0039a18400f0e
:101b40001000a2af271002002b1002002404400b4b
:101b5000218002020000568c1800a0af040042242d
:101b60006e02400b7000a2af0000828c040084243f
:101b70007000a4afc31f020021b040001800a3af43
:101b80006602400b212060001304400b1600a0a346
:101b9000b305400b21102001d0fc40101600a28399
:101ba0007504400b20000424befc401020000424d7
:101bb000a403400b000000000800a232ffff4230e7
:101bc0000b0040141800a2af0a00e01a0200a23273
:101bd000200004249a18400f2128c0032710020077
:101be0002b100200fffff726f9ffe016218002020a
:101bf0000200a2328f0040140100a4320100b5326d
:101c0000cefaa052009d153c200004249a18400fe3
:101c10002128c003271002002b100200ce01400b28
:101c2000218002022b28450296faa050010044248c
:101c3000a701400b1600a4a37000a58f0700a224e3
:101c40000410027c080046247000a6af0000568ce9
:101c50000400428c6e02400b1800a2af0700e32480
:101c60000410037c0400648c0000628c0800632470
:101c70007000a3af2118800021b040006602400b25
:101c80001800a4af7fffa010010069243703400ba8
:101c90001600b7a32b18c30267fb60500100f7269c
:101ca0003703400b1600b7a361fda01001006924a3
:101cb0003703400b1600b7a31c00a58feeffa92425
:101cc0007e01400b1000a9af212040002128e00236
:101cd000009d023cf06c42240000468c0400478cbe
:101ce0005d0d400f3c00a8af21204000212860007e
:101cf0001c00a68fcc05400bffffd62481fa4010b4
:101d000020000424bc01400b0000000021206000e2
:101d10002128e0026920400f3c00a8af219040003c
:101d200021b060003c00a88f212040022128c00281
:101d3000bf22400f3c00a8af1800a68f2120c00092
:101d40002128e00221304000510c400f2138600072
:101d50002000a2af2400a3af1000a0af21480000d4
:101d60009201400b3c00a88f4514400f3c00a8afe7
:101d70001800a68f2120c0002128e0022130400059
:101d8000530c400f213860001800a2af21b860004a
:101d90005901400b3c00a88f3c00a8af4514400ff0
:101da0003800aaaf1800a68f2120c0002128e00229
:101db00021304000530c400f213860001800a2afc2
:101dc00021b860003110400f212080022190400096
:101dd000219860003800aa8f21204001bf22400fc7
:101de0002128c0021800a78f2120e0002128e0024e
:101df00021304000510c400f21386000212040006c
:101e000021286000213040025d0d400f2138600222
:101e1000212040006920400f2128600021904000cf
:101e200021986000d1fe80163c00a88f5a01400b1b
:101e30001c00a78f2b0002242d0003240b1064002c
:101e40000307400b212040001600a2a367fa4014ac
:101e500023a0820266fa60162e000424ffff0224eb
:101e60003702400b1600a2a36105400bffff52266c
:101e7000ffff52261000b2af5101400b1c00b2af61
:101e80005503400b20000424300004249a18400f0e
:101e90002128c003271002002b100200ae04400bc3
:101ea000218002022b2044018efe8010010042247a
:101eb0003d06400b23a086029a18400f2128c0033c
:101ec000271002002000a5322b1002005800032426
:101ed000780004240b2065002128c0039a18400fc5
:101ee00021800202271002002b100200ae04400bda
:101ef00021800202212060002128e0021c00a68f20
:101f0000271006002706400b21a08202009d093cf5
:101f1000106c3625b402400b2120c002be02400bdb
:101f200021900000cbf94010009d033c01000224e9
:101f30001600a2a3a701400b01000624b1fc40102b
:101f4000030003243703400b01001724affa4010ad
:101f5000009d023c3703400b01001724befe4010d9
:101f6000030003243703400b010017243c06400bf9
:101f700021300000ffff42301c00a2af9b04400b49
:101f800021b800002014147c7503400b1600a2a396
:020000040000fa
:020000041d00dd
:101f90004050050042550a00c04a0500427d040039
:101fa00025482f01c042040000800e3c25482e0128
:101fb00040680700426d0d00c0620700427d0600c8
:101fc00025608f01c05a060025608e012628a700d3
:101fd0002428ae00ffff4f25fe07e12dcb00201087
:101fe00000000000ffffaf25fe07e12df4002010e8
:101ff0000000000023504d01ff034a254240080025
:10200000c07f090025400f0142480900023c0c0036
:10201000f401e0001b0027011270000010480000ce
:10202000ffff86311900ce0012200000004c09008d
:10203000027c080025482f012b7824010600e011be
:1020400023482401ffffce2521482c012b082c0119
:10205000fcff201000000000f401e0001b0027013d
:1020600012380000104800001900c70012200000bc
:10207000004c0900ffff0f3125482f012b78240168
:102080000600e01123482401ffffe72421482c012a
:102090002b082c01fcff20100000000000740e0033
:1020a0002170c7011900cb01123800001020000078
:1020b000000008242b780701234007012b102f0173
:1020c00023482f012b7824012578e2010b00e01131
:1020d00023482401ffffce2521400b012b780b0163
:1020e00021482c0121482f0102002c110000000082
:1020f0002b782c01f7ffe0110000000006002c15e2
:102100000000000025200b002548080000000d24d9
:102110002a00001025380d00023c0c00f401e000fc
:102120001b0027011268000010480000ffff8631e5
:102130001900cd0012200000004c0900027c0800ac
:1021400025482f012b7824010600e01123482401a3
:10215000ffffad2521482c012b082c01fcff20108e
:1021600000000000f401e0001b002701123800000d
:10217000104800001900c70012200000004c0900a0
:10218000ffff0f3125482f012b7824010600e011b5
:1021900023482401ffffe72421482c012b082c01b0
:1021a000fcff201000000000006c0d002168a7015a
:1021b0001900ab01123800001020000000000824b4
:1021c0002b780701234007012b102f0123482f01f3
:1021d0002b7824012578e2010b00e011234824012b
:1021e000ffffad2521400b012b780b0121482c016d
:1021f00021482f0102002c11000000002b782c0137
:10220000f7ffe011000000000600c005000000001c
:102210002a78a0012168ad012170ce012170cf0183
:10222000ffff4a25257828010200e0110000000088
:102230000100ad3525480e0025400d00ffff4f255c
:10224000fe07e12d15002010000000000004082505
:1022500000040f2d21482f012b782f0121504f0111
:10226000c27a08000100ef3123400f01c2220800aa
:10227000407d090025208f0040780900027b0f0077
:102280002528af00007d0a002528af002510040096
:10229000251805000800e003000000004400401d70
:1022a0000000000001000e242370ca012000c12d8f
:1022b0000700201400000000e0ffce212b200800c2
:1022c0000d00091025402401f8ff0010000009341a
:1022d0000900c0110000000022300e000420c800d8
:1022e0000430c9000640c8010648c9010200801038
:1022f0002540c800020008350004082500040f2d01
:1023000021482f01d6ff0010c25709002a7800018a
:1023100021400801214829011700401521482f01bb
:10232000257828011400e0110000000008002015a5
:1023300000000000030000150000000029ff00104d
:1023400000000a242548000100000824e0ff4a2577
:1023500020702e7123ffc0110000000023504e0199
:1023600022300e000630c8000440c8010448c901ec
:102370001cff00102548260105004d150000000037
:1023800040780c002578eb012b00e01100000000e4
:10239000ff0701240a00a11100000000bbff40114b
:1023a00000000000257828012300e015000000004f
:1023b000f07f013c2528a100b4ff00100000042498
:1023c0002a78600121586b0121608c011700a0154b
:1023d00021608f0125788b01f5ffe01100000000de
:1023e00008008015000000000300601500000000d8
:1023f00000ff001000000d242560600100000b2488
:10240000e0ffad2520708e71fafec01100000000c3
:102410002368ae0122300e000630cb000458cb01f9
:102420000460cc01f3fe00102560860125788b0145
:102430000200e01100000000f8ff053c93ff0010cf
:0824400000000424000000006c
:020000040000fa
:020000041d00dd
:102448002140c000214880003b00e0142118a00072
:102458002b10a600480040102010c2700800405001
:1024680002340800231802000428450006186400f6
:10247800044046002518650004484400023408005a
:102488001b006600f401c000102000001258000074
:10249800ffff0c310254090002586c71002404003b
:1024a80025508a002b684b011b006600f401c00010
:1024b8000900a05123504b01215048012b18480115
:1024c8000500605423504b012b204b012118480173
:1024d8000b50640023504b01ffff23311b004601c2
:1024e800f401c000104800001220000002208c7087
:1024f800004c0900254823012b1824011b00460124
:10250800f401c00009006050234824012148280133
:102518002b18280105006054234824012b18240196
:10252800214028010b4803012348240106104900d3
:102538000800e003211800002b10a70047004014f2
:102548002050ea704800401520000b242b10e500ad
:1025580005004014231086002b40860089000015d2
:1025680021108000231086002328a7002b2082003a
:102578000800e0032318a4000600c014201002710c
:10258800010002241b004600f401c00012400000b4
:10259800201002717d004054044048002328a80000
:1025a800021c0800ffff0731022409001b00a300da
:1025b800f401600010500000123000000230c770b3
:1025c80000540a00252044012b5086001b00a3005c
:1025d800f401600009004051232086002120880072
:1025e8002b2888000500a054232086002b50860045
:1025f800212888000b20aa0023208600ffff26310f
:102608001b008300f401600010480000122800003d
:102618000228a770004c0900254826012b30250107
:102628001b008300f40160000900c0502348250105
:10263800214828012b18280105006054234825014a
:102648002b182501214028010b48030123482501a7
:10265800061049000800e00321180000211080003e
:102668000800e0032118a00023586a010438470134
:10267800061066012538470006686501024c070008
:102688001b00a901f40120011060000012180000cd
:10269800ffffee30042845010610640125104500af
:1026a800022c0200043046011240000002786e70cd
:1026b80000640c00256085012b288f011b00a901ef
:1026c800f40120010a00a0100420440121608701c0
:1026d8002b2887010600a014ffff68242b288f01f0
:1026e8000400a05023608f01feff68242160870149
:1026f80023608f01ffff42301b008901f401200194
:1027080010280000121800001268000002706e7095
:10271800002c05002510a2002b284e001b00890163
:10272800f40120010600a0500044080021104700d1
:102738002b2847004c00a010ffff6d240044080020
:102748002540a80123104e0019000601104800007a
:102758002b1849003e006014124000004b0049103d
:102768002318490012300000233086002b208600f1
:102778002318640004106301063046012510460042
:10278800061843010800e0030000000020000924a7
:102798002348220106502501021c08001b004301a2
:1027a800f40160001030000012580000ffff0731ec
:1027b800042845000648240125282501026405004f
:1027c8000448440002586771003406002530860129
:1027d8002b20cb001b004301f40160000600805051
:1027e8002330cb002130c8002b20c80024008010e3
:1027f8002b50cb002330cb00ffffaa301b00c300b7
:10280800f401600010200000122800000228a770c0
:102818000024040025208a002b5085001b00c300db
:10282800f401600060ff40512328850021208800c2
:102838002b3088005cffc054232885002b5085006e
:10284800213088000b20ca006c09400b2328850022
:1028580023300601231827012b400601231868009e
:10286800dc09400b231843002b284e00b4ffa0506e
:1028780000440800feff6d24d109400b21104700d9
:102888002120c800ff09400b0b308a002b18880054
:10289800f0ff60542330060112300000dc09400bc1
:1028a800211800002140c000211080003f00e014e2
:1028b8002148a0002b18a600470060102018c370fc
:1028c80008006050021c0800234803000428650023
:1028d80006482401044066002548250104106400c8
:1028e800021c08001b002301f401600010600000b6
:1028f80012580000ffff0a310224020012300000c3
:1029080002386a7100640c00252084012b6087005e
:102918001b002301f40160000b00801123288700ad
:10292800212088002b2888000600a014ffff6625b8
:102938002b2887000400a01023288700feff6625a7
:102948002120880023288700ffff42301b00a300b6
:10295800f401600010480000123800001220000046
:102968000250ea70004c0900251022012b484a0049
:102978001b00a300f40160000900205100140600a8
:10298800211048002b40480004000015ffffe424f4
:102998002b504a00feffe7240b20ea000014060033
:1029a800251082000800e003211800002b10a70062
:1029b800440040142040e8704500005520000224df
:1029c8002b28e500c800a0142b3086000100c2386f
:1029d8000800e003211800000600c0142018037145
:1029e800010003241b006600f401c000124000002f
:1029f800201803717b006054044068002320a8005d
:102a0800023c0800ffff0b310100032402340200de
:102a18001b008700f401e00010680000126000004d
:102a28001248000002508b71006c0d002530a60181
:102a38002b68ca001b008700f401e0000900a01100
:102a48002328ca002130c8002b20c80004008014a5
:102a5800ffff89252b20ca00a6008054feff892588
:102a68002328ca00ffff42301b00a700f401e00042
:102a78001050000012300000122000000258cb70e5
:102a880000540a00251042012b504b001b00a700e0
:102a9800f401e00009004051001409002110480029
:102aa8002b40480004000015ffffc4242b584b009e
:102ab800feffc6240b20cb00001409000800e00329
:102ac80025108200211800000800e00321100000f2
:102ad8002310480004380701061846002538670007
:102ae80006504500021c07001b004301f40160006a
:102af8001048000012680000ffffeb3004280501b1
:102b08000610440025284500027405001210000034
:102b18000260ab71004c090025482e012b702c0176
:102b28001b004301f40160000a00c01104300601d3
:102b3800214827012b50270106004015ffffa22539
:102b48002b502c010400405123482c01feffa225e4
:102b58002148270123482c01ffffa5301b00230132
:102b6800f4016000106800001260000012500000bc
:102b780002588b71006c0d002528a5012b68ab004d
:102b88001b002301f40160000b00a0510014020097
:102b98002128a7002b18a70006006014ffff8a252c
:102ba8002b18ab000400605000140200feff8a25b9
:102bb8002128a70000140200251042012328ab0099
:102bc80019004600103800002b18a70044006014b4
:102bd800123000003f00a710042004010800e003a1
:102be8002118000020000224231043000648450055
:102bf800023c08001b002701f401e000103000002f
:102c080012600000ffff0b31042865000610440025
:102c180025284500026c0500041064001218000005
:102c280002508b71003406002530a6012b20ca0003
:102c38001b002701f401e0000b0080502330ca007c
:102c48002130c8002b20c80006008014ffff832510
:102c58002b20ca00040080502330ca00feff8325c1
:102c68002130c8002330ca00ffffac301b00c7006a
:102c7800f401e0001020000012500000124800008b
:102c880002284b710024040025208c002b6085004d
:102c98001b00c700f401e0000b008051001c03007a
:102ca800212088002b3088000600c014ffff49252a
:102cb8002b3085000400c050001c0300feff49258e
:102cc80021208800001c030023208500850a400b72
:102cd800251823012b308600c0ffc010000000001b
:102ce800f90a400bffff4224211800000800e00306
:0c2cf800010002249a0a400b2130c800a1
:020000040000fa
:020000041d00dd
:102d040000e85d4100701b4002601a4070ffbd275f
:102d14008c00bbaf00601b408400baaf8800bbaf1f
:102d240044781b7c00147b3700609b403400a3afc5
:102d34003000a2af8400a38f0f0063301200601430
:102d4400000000007400bfaf7000beaf6c00b9afec
:102d54006800b8af6400afaf6000aeaf5c00adaf69
:102d64005800acaf5400abaf5000aaaf4c00a9afb1
:102d74004800a8af4400a7af4000a6af3c00a5aff1
:102d84003800a4af2c00a1af000000001210000016
:102d94007c00a2af101800007800a3af21f0a003bc
:102da400050004240321400f000000001000c0a30c
:102db40088bf033c20606294010004244429827c7f
:102dc400206062a4212000001a0005247525400f0c
:102dd400000000000b004010000000002120000053
:102de4001a0005247e25400f000000000500401055
:102df40000000000212000001a0005243025400fa7
:102e040000000000212000001b0005247525400f50
:102e140000000000440040100000000021200000d9
:102e24001b0005247e25400f000000003e004010da
:102e340000000000060004243921400f00000000b7
:102e440080bf023c006044347026400f0000000044
:102e54001400c2af1400c28f070042302a0040148d
:102e640000000000aa0b400b0000000080bf023ce1
:102e7400006044347326400f000000002000c2a309
:102e84002000c28300a0033cc80064242128400021
:102e9400a91d400f00000000070004243921400f41
:102ea4000000000080bf023c006044347626400fde
:102eb40000000000edff401400000000212000008d
:102ec4001b0005243025400f0000000088bf023c91
:102ed4001060428c400042300100422cff0044301c
:102ee40088bf033c206062948431827c206062a4a9
:102ef400212000001b0005243025400f00000000a5
:102f0400cb0b400b000000001400c28f01004230c4
:102f1400050040100000000080bf023c0060443403
:102f24005a26400f00000000212000001c00052448
:102f34007525400f00000000520040100000000002
:102f4400212000001c0005247e25400f0000000005
:102f54004c00401000000000060004243921400ffa
:102f64000000000000a0023c0c0144245b22400f3e
:102f7400000000001800c2a380bf023c006044347b
:102f84007c26400f000000001c00c2af1000c2836a
:102f94002b004014000000001800c29328004010c9
:102fa400000000001c00c28f250040140000000037
:102fb4002000c22700a0033c0c0164242128400007
:102fc4008d1c400f000000002000c28380bf033c22
:102fd40000606434212840007926400f000000007e
:102fe40088bf023cd060428c8003427cff004230a8
:102ff4001000c2a300a0023c0c0144245b22400f39
:10300400000000001800c2a380bf023c00604434ea
:103014007c26400f000000001c00c2af1000c283d9
:1030240007004014000000001800c2930400401080
:10303400000000001c00c28fddff401000000000f3
:1030440088bf023c1060428c800042300100422c58
:10305400ff00443088bf033c20606294c439827c02
:10306400206062a4212000001c0005244425400f98
:1030740000000000212000001c0005243025400f22
:103084000000000088bf033c206062944429027c55
:10309400206062a4050004241e21400f00000000eb
:1030a40021e8c0037c00a28f130040007800a38fa6
:1030b400110060008400a28f0f00423014004014fd
:1030c400000000007400bf8f7000be8f6c00b98fc9
:1030d4006800b88f6400af8f6000ae8f5c00ad8f66
:1030e4005800ac8f5400ab8f5000aa8f4c00a98fae
:1030f4004800a88f4400a78f4000a68f3c00a58fee
:103104003800a48f3400a38f3000a28f2c00a18f2d
:103114000000000000606041c00000008c00ba8f15
:103124008800bb8f00709a408400ba8f9000bd273e
:1031340002609a4000e8dd4100609b4018000042b4
:020000040000fa
:020000041d00dd
:103144000080013c2638e10040580500425d0b0038
:10315400c0520500427d040025504f01c04a0400be
:103164000080083c255048014070070042750e005d
:10317400c06a0700427d06002568af01c0620600f0
:103184002568a801ffff6f25fe07e12d8d002010a3
:1031940000000000ffffcf25fe07e12dbb0020103b
:1031a400000000000080013c2428a10023406e019f
:1031b4002c000011000000001500001900000000a0
:1031c4002000012d0700201400000000e0ff08216a
:1031d4002b300c0023000d102560a601f8ff001011
:1031e40000000d341f000011000000002220080020
:1031f40004308c0004208d0006600c0106680d016b
:103204001800c01025608c001600001002008c35d8
:1032140025580e00234008002000012d070020142b
:1032240000000000e0ff08212b3009000d000a1007
:1032340025484601f8ff001000000a340900001177
:1032440000000000222008000430890004208a00c5
:103254000648090106500a010200c01025488900e9
:10326400020029352678a7001c00e00500000000b4
:1032740021482c012b782c0121504d0121504f0164
:1032840002004d11000000002b784d013700e011c1
:103294000000000001002f310200e01100000000d6
:1032a4000200293542480900c07f0a0025482f0141
:1032b40042500a000080013c2550410101006b2569
:1032c400ff0701242900611500000000f07f013c84
:1032d4002528a10037000010000004242b782c01bd
:1032e40023482c012b104f0123504f012b784d0103
:1032f4002578e2010700e01123504d010080013cd4
:103304002628a1002b7809002348090023500a002d
:1033140023504f0108004015000000000300201551
:10332400000000000d00001000000b2425502001b7
:1033340000000924e0ff6b252040487107000011bc
:10334400000000002358680122200800062089009c
:103354000448090104500a01255044012578490113
:103364000200e01500000000000005246800601958
:10337400000000000004292500042f2d21504f01d6
:103384002b784f0121586f01c27a09000100ef31f7
:1033940023482f01c2220900407d0a0025208f0006
:1033a40040780a00027b0f002528af00007d0b0047
:1033b4002528af0025100400251805000800e003a7
:1033c400000000002a7820012148290121504a01e7
:1033d4002300601521504f01257849011400e011a4
:1033e4000000000008004015000000000300201544
:1033f4000000000067ff001000000b24255020018e
:1034040000000924e0ff6b252040487161ff001192
:1034140000000000235868012220080006208900cb
:103424000448090104500a015aff001025504401c0
:10343400ff0701241500c111000000002140e7002e
:10344400257806010300e01500000000d9ffe00420
:103454000000000025100600d8ff00102518070002
:10346400257849012700e01500000000ff0701242a
:10347400d0ffc115000000002678a7002100e00558
:1034840000000000f3ff0010000000002a78800113
:1034940021608c012168ad011700c0152168af01be
:1034a4002578ac01c3ffe011000000000800a0155e
:1034b40000000000030080150000000039ff001028
:1034c40000000e242568800100000c24e0ffce25b6
:1034d4002040a87133ff0011000000002370c801d0
:1034e4002220080006208c0004600c0104680d01f1
:1034f4002cff00102568a4012578ac01d5ffe0114c
:1035040000000000f8ff053caaff0010000004249e
:103514000100082423400b012000012d0700201482
:1035240000000000e0ff08212b3009000d000a1004
:1035340025484601f8ff001000000a340900001174
:1035440000000000222008000430890004208a00c2
:103554000648090106500a010200c01025488900e6
:103564000200293583ff001000000b240000000036
:020000040000fa
:020000041d00dd
:103574004050050042550a00c04a0500427d04003f
:1035840025482f01c042040000800e3c25482e012e
:1035940040680700426d0d00c0620700427d0600ce
:1035a40025608f01c05a060025608e012628a700d9
:1035b4002428ae00ffff4f25fe07e12d4700201011
:1035c40000000000ffffaf25fe07e12d6f00201073
:1035d4000000000002fcaf2521504f0119002c010e
:1035e400123800001070000019000b0112200000b6
:1035f4001030000019002b01125800001068000060
:103604002130cb002b78cb002138ed002138ef009e
:103614000200ed10000000002b78ed002170cf01b6
:1036240019000c0112400000104800002130c800ad
:103634002b78c8002138e9002138ef000200e91096
:10364400000000002b78e9002170cf012578860066
:103654000200e011000000000100e73425480e00dc
:1036640006002005254007002a78000121400801b2
:103674002148290121482f01ffff4a25ffff4f253b
:10368400fe07e12d6800201000000000000408255a
:1036940000040f2d21482f012b782f0121504f01b9
:1036a400c27a08000100ef3123400f01c222080052
:1036b400407d090025208f0040780900027b0f001f
:1036c4002528af00007d0a002528af00251004003e
:1036d400251805000800e003000000002a78000116
:1036e40021400801214829011c00401521482f01cf
:1036f400257828011400e0110000000008002015be
:10370400000000000300001500000000adff0010e1
:1037140000000a242548000100000824e0ff4a258f
:1037240020702e71a7ffc0110000000023504e012d
:1037340022380e000638e8000440c8010448c901d4
:10374400a0ff001025482701ff0701243300a11121
:1037540000000000ddff00100000000025782801b3
:103764002e00e015000000000500a0150000000078
:1037740040780c002578eb012800e01100000000df
:10378400ff0701242100a115000000002a78600130
:1037940021586b0121608c011900a01521608f0153
:1037a40025788b011400e01100000000080080154a
:1037b40000000000030060150000000085ff0010f9
:1037c40000000d242560600100000b24e0ffad25fe
:1037d400203086717fffc010000000002368a6011e
:1037e400227006000670cb010458cb000460cc00a4
:1037f40078ff001025608e01b4ff0010000004243f
:1038040025788b010500e01500000000f07f013ce5
:103814002528a100adff001000000424f8ff053c9a
:10382400aaff001000000424f8ff401d000000005f
:1038340001000e242370ca012000c12d07002014aa
:1038440000000000e0ffce212b3008000d0009101d
:1038540025402601f8ff0010000009340900c011ba
:103864000000000022380e000430e8000438e900ab
:103874000640c8010648c9010200c0102540e800fe
:10388400020008350004082500040f2d21482f01eb
:0c38940083ff0010c25709000000000074
:020000040000fa
:020000041d00dd
:1038a000d0ffbd272c00bfaf2800beaf21f0a00382
:1038b0003000c4af1000c0af1400c0a71600c0a7ee
:1038c0001c00c0a32200c0a32300c0a31800c0a7ef
:1038d0001a00c0a71c00c22700a0033cc800642433
:1038e000212840008d1c400f0000000000a0023c79
:1038f000c80044245b22400f000000001a00c2a749
:103900001a00c2970400422c7f00401400000000ff
:103910001c00c393aa0002247b0062140000000074
:103920001d8080a3ffff0434aa000524c720400f98
:10393000000000001600c2a71400c0a7660e400bce
:10394000000000001400c2972000c327211062006d
:1039500000a0033cc8006424212840008d1c400fb7
:10396000000000001400c2971000c327211062005d
:10397000100042901600c3972120600021284000cb
:10398000c720400f000000001600c2a71400c29715
:10399000010042241400c2a71400c2970200422c66
:1039a000e8ff4014000000002200c22700a0033cf2
:1039b000c8006424212840008d1c400f0000000036
:1039c0002300c22700a0033cc80064242128400033
:1039d0008d1c400f000000002200c2830012020074
:1039e000201e027c2300c283ff0042302016027c8e
:1039f000251062002016027c1800c2a71800c39789
:103a00001600c29739006214000000002000c29323
:103a10006400422c10004014000000002000c293fb
:103a200021204000b023400f00000000211840007a
:103a3000009d023c21206000c47b458c930f400f09
:103a400000000000211840003000c28f080043ac85
:103a50009d0e400b000000002000c293212040007a
:103a6000b023400f00000000211840003000c28f3a
:103a7000080043ac2100c2935b00422c10004014ac
:103a8000000000002100c29321204000b023400f1d
:103a90000000000021184000009d023c2120600031
:103aa000c47b458c930f400f00000000211840009c
:103ab0003000c28f0c0043acb70e400b000000007a
:103ac0002100c29321204000b023400f00000000dd
:103ad000211840003000c28f0c0043ac02000224c9
:103ae0001000c2afcc0e400b000000000f000424f9
:103af0003921400f00000000010002241000c2af75
:103b0000cc0e400b000000001d8082930100422477
:103b1000ff0042301d8082a31d8082930a00422c48
:103b200003004014000000001d8080a31000c0afff
:103b300000a0023cc8004424c021400f0000000047
:103b40000a004228050040140000000088bf033c22
:103b5000e0606294c47b027ce06062a41000c28fcb
:103b600021e8c0032c00bf8f2800be8f3000bd2786
:083b70000800e0030000000062
:020000040000fa
:020000041d00dd
:103b7800d8ffbd272400bfaf2000beaf1c00b1afe7
:103b88001800b0af21f0a0032800c4af1000c0a7f0
:103b98001200c0a7211000001400c2af2800c28f75
:103ba8000800428c21204000212800007d1e400f83
:103bb800000000000f0041040000000088bf033c23
:103bc800e0606294010004240463827ce06062a4e3
:103bd80088bf033ce0606294446b027ce06062a4ae
:103be80088bf033c60606294010004240442827c24
:103bf800606062a42800c28f0800428c2120000067
:103c0800212840007d1e400f000000000f004104e5
:103c18000000000088bf033ce06062940463027cfb
:103c2800e06062a488bf033ce06062940100042461
:103c3800446b827ce06062a488bf033c606062944d
:103c4800010004240442827c606062a42800c28fc0
:103c58000800428c21204000212800007d1e400fd2
:103c680000000000050040140000000088bf033c6d
:103c7800606062940442027c606062a49524400ff4
:103c8800000000001000c2a71000c29721204000c9
:103c98000823400f00000000218040002800c28f48
:103ca8000000438c009d023c21206000287c458c4c
:103cb800bd10400f00000000212000022128400014
:103cc8009b15400f0000000021204000a820400f55
:103cd800000000001000c2a71000c29780bf033c7c
:103ce80000326434212840006426400f00000000a0
:103cf8002800c28f0c00438c009d023c21206000ec
:103d0800387c458c950f400f0000000021184000ba
:103d1800009d023c212060003c7c458cbd10400f7a
:103d2800000000001400c2af7422400f0000000021
:103d3800212040000a24400f00000000009d063c9e
:103d48002120400021286000447cc78c407cc68c20
:103d5800e407400f00000000218040002188600037
:103d68001400c48f001e400f000000002120000234
:103d78002128200221304000213860005d0d400fcd
:103d8800000000002120400021286000801f400f13
:103d9800000000001200c2a71200c29721204000b4
:103da800e520400f000000002180400021886000cd
:103db8007422400f00000000212040000a24400f18
:103dc80000000000009d063c2120400021286000e2
:103dd8004c7cc78c487cc68ce407400f0000000070
:103de80021200002212820022130400021386000d3
:103df800530c400f000000002120400021286000e3
:103e0800801f400f000000001200c2a71200c297d6
:103e180080bf033c00346434212840006426400fee
:103e28000000000021e8c0032400bf8f2000be8fdf
:103e38001c00b18f1800b08f2800bd270800e003d0
:043e48000000000076
:020000040000fa
:020000041d00dd
:103e4c000080013c2628a100c24d0400ff0029314e
:103e5c00c25d0500ff006b310080073c004204008e
:103e6c00254007010052050025504701ffff2d2575
:103e7c00fe00a12d6100201000000000ffff6d2549
:103e8c00fe00a12d770020100000000023602b0104
:103e9c000d00800500000000200081290300201483
:103eac00000000001500001002000a2425300a0052
:103ebc0006508a0104688a011000a6110000000057
:103ecc000e00001002004a3525480b0023600c0040
:103edc0020008129030020140000000007000010be
:103eec000200082425300800064088010468880177
:103efc000200a611000000000200083524608700b3
:103f0c00266885011000a0050000000021400a0170
:103f1c002b680a011700a0110000000001000d31f0
:103f2c000200a01100000000020008354240080009
:103f3c0001002925ff0001240e00211500000000be
:103f4c000c000010000008242b680a010400a011ca
:103f5c0023400a012340080003000010266087015b
:103f6c00500000110000000020300671234826018b
:103f7c000440c8000e002019000000008000082535
:103f8c0080000d2d21482d01026a08000100ad3181
:103f9c0023400d014040080042420800c06d09005a
:103fac0025400d0125100c010800e0030000000065
:103fbc00010006242330c9002000c12c3900201038
:103fcc00000000000080013c2540010120000d2470
:103fdc002368a6010448a801020020110640c8006d
:103fec00010008350000092480000d25e3ffa10520
:103ffc0000000000e1ff0010010009240e00201554
:10400c000000000021400801050000110000000024
:10401c0020600c7123482c0198ff0010044088018b
:10402c00ff0001240f006111000000000080013c22
:10403c001800a11400000000216808011b00a01545
:10404c0000000000ff0001241400611500000000b6
:10405c00266885001500a005000000000d0000106a
:10406c0000000000080060150000000021504a010b
:10407c000a0040110000000020604c7123586c01b4
:10408c0082ff001004508a0121684a010700a01524
:10409c0000000000c4ff001025100500c2ff001036
:1040ac0025100400c0ff001000000224beff001009
:0840bc00c0ff023c00000000ff
:020000040000fa
:020000041d00dd
:1040c400d8ffbd272400bfaf2000b3af1c00b2afa0
:1040d4001800b1af1400b0af4a0080042180800002
:1040e4006e008228100040100b00822873004010dc
:1040f4006666023cc0800400009d023c185f4224b6
:10410400218002020000028e0400038e2400bf8f6f
:104114002000b38f1c00b28f1800b18f1400b08f31
:104124000800e0032800bd27eb51023c1f85423400
:104134001800820010100000c39704006666133c48
:1041440067667326009d113c185f312643110200f7
:10415400231052008020020000190200211883005d
:104164008020030021186400231803021800730040
:1041740010300000c31f030012004224c0100200cc
:10418400211051000000448c0400458c831006006b
:104194002310430009004224c010020021105100e2
:1041a4000000468c5d0d400f0400478c180013027c
:1041b40010980000212040002128600083981300fb
:1041c4002390720240101200c090120021905200fd
:1041d40023801202c0801000218811020000268e64
:1041e4005d0d400f0400278e2400bf8f2000b38f85
:1041f4001c00b28f1800b18f1400b08f0800e003c8
:104204002800bd27238004006e00022a22004010eb
:10421400eb51023c0b00022a2f004054c0801000d6
:104224006666023c67664224180002021010000011
:10423400c3271000009d033c685e632483100200c2
:104244002310440040280200c02002002120a400c2
:104254000900422423800402c0100200c080100020
:1042640021104300211803020000448c0400458cf3
:104274000000668c5d0d400f0400678c2400bf8f26
:104284002000b38f1c00b28f1800b18f1400b08fc0
:104294000800e0032800bd271f85423418000202ed
:1042a40010100000c39710006666133c67667326ff
:1042b400009d113c5410400b685e31266766422411
:1042c4001800820010100000c3270400009d033c66
:1042d4009010400b185f6324009d023c685e4224ea
:1042e400218002020000028e4410400b0400038e61
:020000040000fa
:020000041d00dd
:1042f40000800b3cc2450400ff000831c255050094
:10430400ff004a31003a04002538eb00004a05005a
:1043140025482b012670850024586e01ffff0e25c9
:10432400fe00c12d3f00201000000000ffff4e25bd
:10433400fe00c12d53002010000000002b08e900ee
:104344000300201400000000423807000100082583
:1043540082630900f40180011b00ec0012200000bc
:1043640010300000ff3f2d311900a4011228000075
:10437400803306002b70c5000400c0112330c50033
:10438400ffff84242130c9002b70c900f40180018f
:104394001b00cc0012380000103000001900a701e7
:1043a40012280000803306002b70c5000400c011e1
:1043b4002330c500ffffe7242130c9002b70c9005a
:1043c400807304002138ee000200c0100039070099
:1043d4000100e7347e000e242370ca0121400e013f
:1043e400ffff0e25fe00c12d340020100000000048
:1043f4008000e7248000ee2c21400e0102720700a9
:104404000100ce312338ee0040380700423a07005d
:10441400c07508002538ee002510eb000800e00305
:104424000000000008000015000000002138e7002b
:104434000500e010000000002060ec7023400c0137
:10444400baff00100438870104004815000000007a
:10445400217029012f00c01100000000ff00012479
:1044640008004111000000001200001100000000cb
:104474002170e7002700c015000000002200001092
:104484000000000008004015000000002148290138
:104494001d0020110000000020602c7123504c01ed
:1044a400a6ff001004488901217029011900c015d4
:1044b40000000000d9ff001025100b001200001da1
:1044c4000000000001000c24236088012000812ddd
:1044d400f8ff20100000000020000e242370cc01ff
:1044e4000440c70102000011063887010200e734c6
:1044f400000008248000ee24bdffc1050000000078
:10450400bbff001001000824807f013cc3ff0010a2
:1045140025106101c1ff0010c0ff023c0000000033
:020000040000fa
:020000041d00dd
:10452400e0ffbd271c00bfaf1800beaf21f0a00301
:1045340088bf033c00616294010004240421827c4e
:10454400006162a488bf033c0061629401000424fa
:104554004429827c006162a488bf033c00616294a8
:10456400010004248431827c006162a488bf033c7e
:104574000061629401000424c439827c006162a455
:1045840088bf033c20616294010004244408827cb7
:10459400206162a4c323400f0000000088bf033cd5
:1045a40020616294010004248410827c206162a44e
:1045b400c323400f0000000088bf023c1061428cfe
:1045c400c001427cff0043301000c293c439627cb6
:1045d4001000c2a388bf023c1061428c8001427c5f
:1045e400ff0043301000c2938431627c1000c2a3e8
:1045f40088bf023c1061428c4001427cff00433082
:104604001000c2934429627c1000c2a388bf023cfc
:104614001061428c0001427cff0043301000c293c1
:104624000421627c1000c2a388bf033c2061629411
:104634008410027c206162a4c323400f00000000a8
:1046440088bf033c20616294010004248410827cae
:10465400206162a4c323400f0000000088bf023c15
:104664001061428cc001427cff0043301000c293b1
:10467400c418627c1000c2a388bf023c1061428c43
:104684008001427cff0043301000c2938410627c9e
:104694001000c2a388bf023c1061428c4001427cde
:1046a400ff0043301000c2934408627c1000c2a390
:1046b40088bf023c1061428c0001427cff00433001
:1046c4001000c2930400627c1000c2a388bf033ca4
:1046d400206162948410027c206162a4c323400f91
:1046e4000000000088bf033c006162940421027c46
:1046f400006162a488bf033c006162944429027c87
:10470400006162a488bf033c006162948431027c2e
:10471400006162a488bf033c00616294c439027cd6
:10472400006162a41000c29321e8c0031c00bf8f83
:104734001800be8f2000bd270800e0030000000021
:020000040000fa
:020000041d00dd
:10474400e8ffbd271400bfaf1000beaf21f0a003e7
:10475400212000003cc70524010006249025400fb9
:104764000000000021200000212800004a26400ffc
:104774000000000021200000212800004626400ff0
:1047840000000000212000002c26400f0000000043
:10479400212000002128000021300000a825400f1e
:1047a400000000002120000021280000c080063401
:1047b4009825400f0000000021200000212800005f
:1047c400f3800634a025400f0000000021200000e3
:1047d4000100052421300000a825400f000000003e
:1047e4002120000001000524000406249825400f20
:1047f400000000002120000001000524000506241b
:10480400a025400f00000000212000000200052424
:1048140021300000a825400f0000000021200000e6
:1048240002000524213000009825400f00000000fc
:10483400212000000200052406000624a025400fc4
:1048440000000000212000000300052421300000a6
:10485400a825400f000000002120000003000524cb
:10486400388206349825400f000000002120000003
:104874000300052438b20634a025400f00000000d0
:10488400212000000400052421300000a825400f49
:104894000000000021200000040005242130000055
:1048a4009825400f0000000021200000040005248a
:1048b4000f000624a025400f000000002120000066
:1048c4000500052421300000a825400f0000000049
:1048d4002120000005000524002006249825400f0f
:1048e400000000002120000005000524002006240b
:1048f400a025400f00000000212000000600052430
:1049040021300000a825400f0000000021200000f5
:1049140006000524020006249825400f000000002c
:10492400212000000600052403000624a025400fd2
:104934000000000021e8c0031400bf8f1000be8fe8
:0c4944001800bd270800e0030000000080
:020000040000fa
:020000041d00dd
:1049500000e85d4100701b4002601a4088ffbd27df
:104960007400bbaf00601b406c00baaf7000bbafff
:1049700044781b7c00107b3700609b401c00a3af79
:104980001800a2af6c00a38f0f00633012006014f8
:10499000000000005c00bfaf5800beaf5400b9afcc
:1049a0005000b8af4c00afaf4800aeaf4400adaf61
:1049b0004000acaf3c00abaf3800aaaf3400a9afa9
:1049c0003000a8af2c00a7af2800a6af2400a5afe9
:1049d0002000a4af1400a1af0000000012100000de
:1049e0006400a2af101800006000a3af21f0a00384
:1049f000212000000321400f0000000021200000c2
:104a0000040005243025400f000000002480838f1f
:104a10009600022413006214000000000600042423
:104a20001e21400f0000000001000424cb1e400f97
:104a30000000000002000424cb1e400f0000000014
:104a400003000424cb1e400f0000000004000424d7
:104a5000cb1e400f000000002480828f0100422402
:104a6000248082af2480828f9700422c060040145d
:104a70000000000002000424fb24400f000000009e
:104a8000ab12400b00000000060004240321400f7d
:104a9000000000002480828f01004224248082af25
:104aa00001000424fb24400f00000000212000002e
:104ab0001e21400f0000000021e8c0036400a28f07
:104ac000130040006000a38f110060006c00a28ff3
:104ad0000f00423014004014000000005c00bf8f43
:104ae0005800be8f5400b98f5000b88f4c00af8f64
:104af0004800ae8f4400ad8f4000ac8f3c00ab8fc0
:104b00003800aa8f3400a98f3000a88f2c00a78fff
:104b10002800a68f2400a58f2000a48f1c00a38f3f
:104b20001800a28f1400a18f0000000000606041f7
:104b3000c00000007400ba8f7000bb8f00709a40f4
:104b40006c00ba8f7800bd2702609a4000e8dd4112
:084b500000609b4018000042c8
:020000040000fa
:020000041d00dd
:104b580000002110422063308440a550c660e770f1
:104b6800088129914aa16bb18cc1add1cee1eff199
:104b78003112100273325222b5529442f772d66241
:104b8800399318837bb35aa3bdd39cc3fff3dee3e9
:104b98006224433420040114e664c774a444855491
:104ba8006aa54bb528850995eee5cff5acc58dd539
:104bb8005336722611163006d776f6669556b446e1
:104bc8005bb77aa719973887dff7fee79dd7bcc789
:104bd800c448e5588668a778400861180228233831
:104be800ccc9edd98ee9aff9488969990aa92bb9d9
:104bf800f55ad44ab77a966a711a500a333a122a81
:104c0800fddbdccbbffb9eeb799b588b3bbb1aab28
:104c1800a66c877ce44cc55c222c033c600c411cd0
:104c2800aeed8ffdeccdcddd2aad0bbd688d499d78
:104c3800977eb66ed55ef44e133e322e511e700e20
:104c48009fffbeefdddffccf1bbf3aaf599f788fc8
:104c58008891a981cab1eba10cd12dc14ef16fe1a8
:104c68008010a100c230e3200450254046706760e0
:104c7800b9839893fba3dab33dc31cd37fe35ef3f8
:104c8800b1029012f322d232354214527762567230
:104c9800eab5cba5a89589856ef54fe52cd50dc548
:104ca800e234c324a0148104667447642454054480
:104cb800dba7fab79987b8975fe77ef71dc73cd798
:104cc800d326f2369106b0165766767615463456d0
:104cd8004cd96dc90ef92fe9c899e9898ab9aba9e8
:104ce8004458654806782768c018e1088238a32820
:104cf8007dcb5cdb3feb1efbf98bd89bbbab9abb38
:104d0800754a545a376a167af10ad01ab32a923a6f
:104d18002efd0fed6cdd4dcdaabd8bade89dc98d87
:104d2800267c076c645c454ca23c832ce01cc10cbf
:104d38001fef3eff5dcf7cdf9bafbabfd98ff89fd7
:104d4800176e367e554e745e932eb23ed10ef01e0f
:020000040000fa
:020000041d00dd
:104d5800e8ffbd271400bfaf1000beaf21f0a003cd
:104d68003080828f010003246b0043100000000094
:104d78000100432c06006014000000000200032418
:104d88002b00431000000000c913400b0000000076
:104d98003c17400f00000000019d023c5c93442436
:104da8005421400f000000000100042402000524e3
:104db800c61f400f00000000019d023c7093442470
:104dc8005421400f000000000100042403000524c2
:104dd800c61f400f00000000019d023c7c93442444
:104de8005421400f00000000bd24400f00000000c7
:104df80000a0023c840044244222400f000000002e
:104e0800c319400f0000000001000424fb24400fd8
:104e180000000000212000002a15400f00000000bb
:104e28008920400f00000000c913400b000000005b
:104e38000100042421280000161f400f0000000074
:104e480000a0023c84004424280e400f000000000b
:104e5800188082af1880828f050040100000000083
:104e68001880838f010002240700621400000000ec
:104e780000a0023c840044247816400f0000000083
:104e8800a813400b0000000000a0023c400044248e
:104e98007816400f000000001880828f00a0033ca5
:104ea80084006424212840000a16400f00000000f6
:104eb80000a0023c84004424de0e400f00000000e5
:104ec8001880838f0200022407006214000000008b
:104ed80000a0023c40004424cf13400f0000000013
:104ee800c013400b0000000000a0023c84004424d2
:104ef800cf13400f0000000001000224308082af71
:104f08000100042401000524161f400f00000000c2
:104f1800c913400b000000000000000021e8c00396
:104f28001400bf8f1000be8f1800bd270800e003d3
:044f38000000000075
:020000040000fa
:020000041d00dd
:104f3c00e0ffbd271c00bfaf1800beaf21f0a003df
:104f4c002000c4af1000c0a71200c0a32000c28f65
:104f5c000c00428c212040004920400f0000000032
:104f6c002014027c368082a32000c28f0800428c61
:104f7c00212040004920400f000000002014027c3a
:104f8c00358082a3aaff0224348082a334808293ca
:104f9c00ffff043421284000c720400f0000000010
:104fac001000c2a735808283ff0042301000c397e7
:104fbc002120600021284000c720400f0000000085
:104fcc001000c2a736808283ff0042301000c397c6
:104fdc002120600021284000c720400f0000000065
:104fec001000c2a71000c29702120200ffff42304d
:104ffc00ff004230378082a31000c297ff0042307e
:10500c00388082a300a0023c0c014424c021400f34
:10501c00000000001300c2a31300c2830500422845
:10502c002200401400000000348082932014027c83
:10503c0000a0033c0c01642421284000a91d400f52
:10504c00000000003580828300a0033c0c01642426
:10505c0021284000a91d400f0000000036808283eb
:10506c0000a0033c0c01642421284000a91d400f22
:10507c0000000000378082932014027c00a0033cc7
:10508c000c01642421284000a91d400f00000000e1
:10509c00388082932014027c00a0033c0c01642411
:1050ac0021284000a91d400f0000000000a0023c78
:1050bc000c0144245b22400f000000001300c2a32b
:1050cc0088bf023cd060428c004042300800401443
:1050dc00000000001300c28305004018000000000f
:1050ec00212000001c0005243a25400f0000000080
:1050fc0021e8c0031c00bf8f1800be8f2000bd2705
:08510c000800e00300000000b0
:020000040000fa
:020000041d00dd
:10511400e0ffbd271c00bfaf1800b2af1400b1af51
:105124001000b0af6e00822c35004010218080004a
:105134000b00822c10004010009d023cc080040033
:10514400685e4224218002020000048e0400058e61
:10515400009d023ce06c468c5d0d400fe46c478c76
:105164001c00bf8f1800b28f1400b18f1000b08fd5
:105174000800e0032000bd27cccc113ccdcc313657
:105184001900910010880000009d123c685e5226b0
:10519400009d023ce06c468ce46c478cc288110094
:1051a40009002226c0100200211052000000448c85
:1051b4005d0d400f0400458c40201100c088110093
:1051c4002188910023801102ff001032c08010005a
:1051d400219012020000468e0400478e21204000d8
:1051e4005d0d400f212860001c00bf8f1800b28f96
:1051f4001400b18f1000b08f0800e0032000bd2719
:10520400eb51123c1f855236190092001090000099
:10521400009d113c685e3126009d023ce06c468c8a
:10522400e46c478c4291120012004226c010020026
:10523400211051000000448c5d0d400f0400458c8a
:105244008020120000911200219092008030120000
:105254002130460223300602cccc123ccdcc52364f
:10526400ff00c6301900d200103000002120400099
:1052740021286000f800c630213026024c00c78c7b
:105284005d0d400f4800c68c1900120210900000fa
:105294002120400021286000c2901200401012001a
:1052a400c09012002190520023801202ff0010329d
:1052b400c0801000218811020000268e5d0d400f71
:1052c4000400278e1c00bf8f1800b28f1400b18f0a
:0c52d4001000b08f0800e0032000bd2790
:020000040000fa
:020000041d00dd
:1052e000d0ffbd272c00bfaf2800beaf2400b0af59
:1052f00021f0a0033000c4af1000c0a33000c28f63
:10530000400042903000c38f04004224801002000d
:10531000218062001800c22721204000c61a400fd9
:10532000000000001b00c28b1800c29b000002aef0
:105330003000c28f400042900900422c090040100a
:10534000000000003000c28f400042900100422463
:10535000ff0043303000c28f400043a0db14400bfd
:10536000000000003000c28f400040a03000c28f1b
:1053700021180000380043ac3000c28f2118000013
:105380003c0043ac1000c0a30b15400b0000000014
:105390003000c28f3800508c1000c2933000c38f91
:1053a0000400422480100200211062000000429498
:1053b000212040000823400f0000000021200002af
:1053c00021284000950f400f0000000021184000e8
:1053d0003000c28f380043ac3000c28f3c00508c8c
:1053e0001000c2933000c38f0400422480100200da
:1053f0002110620002004294212040000823400f47
:10540000000000002120000221284000950f400fdd
:1054100000000000211840003000c28f3c0043ac67
:105420001000c293010042241000c2a31000c293d6
:105430000a00422cd6ff4014000000003000c28f4a
:105440003800438c009d023c21206000507c458c3c
:10545000bd10400f00000000211840003000c28f36
:10546000380043ac3000c28f3c00438c009d023cae
:1054700021206000507c458cbd10400f00000000d2
:10548000211840003000c28f3c0043ac21e8c0032b
:105490002c00bf8f2800be8f2400b08f3000bd27a6
:0854a0000800e0030000000019
:020000040000fa
:020000041d00dd
:1054a800e8ffbd271400bfaf1000beaf21f0a00376
:1054b800211080001800c2a31800c29301004230d6
:1054c8000600401000000000212000000321400fca
:1054d800000000003c15400b0000000021200000e7
:1054e8001e21400f000000001800c2930200423045
:1054f80043100200060040100000000001000424d0
:105508000321400f000000004915400b0000000077
:10551800010004241e21400f000000001800c2935f
:105528000400423083100200060040100000000012
:10553800040004240321400f000000005615400b0e
:1055480000000000040004241e21400f0000000099
:105558001800c29308004230c31002000600401031
:1055680000000000050004240321400f0000000093
:105578006315400b00000000050004241e21400fa5
:10558800000000001800c29310004230031102000e
:105598000600401000000000060004240321400f0c
:1055a800000000007015400b0000000006000424f5
:1055b8001e21400f000000001800c2932000423056
:1055c80043110200060040100000000007000424f8
:1055d8000321400f000000007d15400b0000000073
:1055e800070004241e21400f000000001800c29389
:1055f8004000423083110200060040100000000005
:105608000f0004240321400f000000008a15400bfe
:10561800000000000f0004241e21400f00000000bd
:105628001800c28306004104000000000a00042498
:105638000321400f000000009515400b00000000fa
:105648000a0004241e21400f0000000021e8c003c6
:105658001400bf8f1000be8f1800bd270800e0039c
:04566800000000003e
:020000040000fa
:020000041d00dd
:10566c00c23d0400ff00e730c24d0500ff002931a8
:10567c0000800a3c003204002530ca0000420500bc
:10568c0025400a012660850024504c01ffffec24c4
:10569c00fe00812d2100201000000000ffff2c25b2
:1056ac00fe00812d36002010000000001900c800fb
:1056bc001258000002006011103000000100c634c6
:1056cc000300c0040000000040300600ffffe72488
:1056dc0082ff2c252138ec00ffffec24fe00812ded
:1056ec003a002010000000008000c6248000cc2c62
:1056fc002138ec000262060001008c312330cc0012
:10570c004030060042320600c06507002530cc0050
:10571c002510ca000800e003000000000d00e01492
:10572c00000000002130c6000500c0100000000081
:10573c002058cb702338eb00d8ff001004306601e2
:10574c00ff0001241f0021110000000015000010b3
:10575c00000000002160c6001a0080150000000047
:10576c0004002015000000002160080115008011c4
:10577c0000000000ff0001240f00211500000000b4
:10578c000a0020150000000021400801050000114e
:10579c000000000020580b7123482b01c3ff0010a0
:1057ac0004406801dbff001025100a00216008018d
:1057bc000400801500000000807f013cd5ff001024
:1057cc0025104101d3ff0010c0ff023cfaffe01c82
:1057dc000000000001000b24235867012000612dfc
:1057ec00f0ff20100000000020000c2423608b012f
:1057fc00043886010200e010063066010200c6344f
:10580c00000007248000cc24b7ff810500000000b5
:0c581c00b5ff0010010007240000000090
:020000040000fa
:020000041d00dd
:10582800e8ffbd271400bfaf1000beaf21f0a003f2
:105838001800c4af1c00c5af0100042401000524f2
:10584800c61f400f000000001c00c38f0200022486
:105858000700621400000000009d023cc87b44243d
:105868005421400f000000002216400b00000000e9
:10587800009d023ce07b44245421400f00000000be
:105888000100042402000524c61f400f0000000088
:10589800009d023cf87b44245421400f0000000086
:1058a8001100042402000524c61f400f0000000058
:1058b8001800c28f0800428c212040004920400f68
:1058c80000000000009d033c087c6424212840005f
:1058d8005421400f000000001800c28f0800428cbd
:1058e800212040004920400f00000000c31f020093
:1058f8002610620023104300212040000823400f97
:1059080000000000211840001800c28f000043acbe
:105918000100042403000524c61f400f00000000f6
:10592800009d023c0c7c44245421400f00000000e0
:105938001100042403000524c61f400f00000000c6
:105948001800c28f0000428c212040004920400fdf
:1059580000000000009d033c087c642421284000ce
:105968005421400f00000000010004240400052415
:10597800c61f400f00000000009d023c187c442414
:105988005421400f000000001100042404000524e5
:10599800c61f400f000000001800c28f0c00428c88
:1059a800212040004920400f00000000009d033cda
:1059b800087c6424212840005421400f0000000086
:1059c80021e8c0031400bf8f1000be8f1800bd2748
:0859d8000800e00300000000dc
:020000040000fa
:020000041d00dd
:1059e000e8ffbd271400bfaf1000beaf21f0a00339
:1059f0001800c4af1800c48fb814400f0000000096
:105a00001800c28f3800428c21204000001e400f39
:105a100000000000009d063c21204000212860007d
:105a2000247cc78c207cc68c5d0d400f00000000dc
:105a30002120400021286000861a400f000000004d
:105a4000211840001800c28f000043ac1800c28f1c
:105a50000000438c009d023c21206000287c458c86
:105a6000930f400f00000000211840001800c28f63
:105a7000080043ac1800c28f0800428c212040006f
:105a80004920400f00000000c31f020026106200e2
:105a900023104300212040000823400f0000000095
:105aa000211840001800c28f000043ac1800c28fbc
:105ab0003c00428c21204000001e400f00000000ee
:105ac000009d063c2120400021286000347cc78cca
:105ad000307cc68c5d0d400f00000000212040008e
:105ae00021286000861a400f0000000021184000a5
:105af0001800c28f040043ac1800c28f0400438c0e
:105b0000009d023c21206000387c458c930f400fa3
:105b100000000000211840001800c28f0c0043aca8
:105b20001800c28f0c00428c212040004920400ff9
:105b300000000000c31f0200261062002310430073
:105b4000212040000823400f0000000021184000e1
:105b50001800c28f040043ac21e8c0031400bf8fbb
:105b60001000be8f1800bd270800e00300000000f1
:020000040000fa
:020000041d00dd
:105b7000e0ffbd271c00bfaf1800beaf21f0a0039f
:105b80002000c4af1400c0a321f800000080024030
:105b900021f84000f8ff03242410e30303005f34de
:105ba00000809f4088bf023c8326400f0040443461
:105bb0002d004010000000002000c38fc901023cee
:105bc00081c342342b10620003004010000000002b
:105bd0000a17400b1000c0af2000c38f9303023c94
:105be000018742342b1062000400401000000000c6
:105bf000010002240a17400b1000c2af2000c38f1f
:105c0000c404023c01b442342b1062000400401072
:105c100000000000020002240a17400b1000c2af6f
:105c2000030002241000c2afb025400f2120000065
:105c3000010042302b1002001400c2a31000c28fda
:105c400088bf033c004064342226400f21284000d6
:105c50001400c29304004010000000008725400f8c
:105c6000212000001400c0a3b025400f2120000017
:105c7000010042302b1002001400c2a388bf023c76
:105c80008526400f0040443405004010000000000d
:105c900088bf023c004044342726400f03000524ff
:105ca00088bf023c8126400f00204434050040108c
:105cb0000000000088bf023c002044340926400f49
:105cc000212800001400c2930300401000000000cf
:105cd0008725400f2120000021e8c0031c00bf8f52
:105ce0001800be8f2000bd270800e0030000000060
:020000040000fa
:020000041d00dd
:105cf000e8ffbd271400bfaf1000beaf21f0a00326
:105d000088bf033c006162940400027c006162a4cd
:105d100088bf033c006162944408027c006162a475
:105d200088bf033c006162948410027c006162a41d
:105d300088bf033c00616294c418027c006162a4c5
:105d400088bf033c206162948410027c206162a4bd
:105d500001000424da21400f0000000088bf033c4a
:105d6000206162940400027c206162a488bf033c2d
:105d7000206162944408027c206162a40300042430
:105d8000b51b400f00000000050004240920400f4f
:105d90000000000003000424b51b400f00000000b9
:105da000050004240920400f000000000300042423
:105db000b51b400f00000000050004240920400f1f
:105dc0000000000088bf033c206162940400027c54
:105dd000206162a402000424b51b400f00000000f3
:105de0002120000028000524ed1c400f00000000c9
:105df00028000424da21400f0000000021200000c8
:105e00000c000524ed1c400f0000000028000424b5
:105e1000da21400f000000002120000001000524cd
:105e2000ed1c400f00000000020004240920400f78
:105e3000000000002120000006000524ed1c400f9a
:105e40000000000028000424da21400f00000000b8
:105e500021e8c0031400bf8f1000be8f1800bd27bb
:085e60000800e003000000004f
:020000040000fa
:020000041d00dd
:105e6800000000000000f03f9a9999999999b93f6c
:105e78007b14ae47e17a843ffca9f1d24d62503fd2
:105e88002d431cebe2361a3ff168e388b5f8e43e8f
:105e98008dedb5a0f7c6b03e48afbc9af2d77a3eb2
:105ea8003a8c30e28e79453e95d626e80b2e113e87
:105eb800bbbdd7d9df7cdb3d2342920ca19cc73bfd
:105ec800a0c2ebfe4b48b4399c577727266ca13704
:105ed8001fb8d44a7aee8d3526a6acaa04b6793313
:105ee8009d358f1de915663123614d17acf8522f8a
:105ef8006f0e9984d94b402d30058ee42eff2b2b45
:105f0800acf74e15927e681659f3f8c21f6ea501bc
:105f1800000000000000f03f0000000000002440e6
:105f280000000000000059400000000000408f40c1
:105f3800000000000088c34000000000006af8402c
:105f48000000000080842e4100000000d012634150
:105f58000000000084d797410000000065cdcd41c6
:105f6800000000205fa00242408cb5781daf1544a8
:105f7800ea8ca039593e2946a55cc3f129633d48fe
:105f88009a647ec50e1b514a44f3c2e4e4e9634cab
:105f98003dc7ddd6ba2e774e5ffbf051effc8a5035
:105fa800c75929090f6b9f527dc39425ad49b25437
:105fb8005a62d7d718e774699c7500883ce4377e25
:020000040000fa
:020000041d00dd
:105fc80000e85d4100701b4002601a4088ffbd2751
:105fd8007400bbaf00601b406c00baaf7000bbaf71
:105fe80044781b7c00007b3700609b401c00a3affb
:105ff8001800a2af6c00a38f0f006330120060146a
:10600800000000005c00bfaf5800beaf5400b9af3d
:106018005000b8af4c00afaf4800aeaf4400adafd2
:106028004000acaf3c00abaf3800aaaf3400a9af1a
:106038003000a8af2c00a7af2800a6af2400a5af5a
:106048002000a4af1400a1af00000000121000004f
:106058006400a2af101800006000a3af21f0a003f5
:1060680021200000080005243025400f0000000012
:1060780021e8c0036400a28f130040006000a38fd2
:10608800110060006c00a28f0f0042301400401411
:10609800000000005c00bf8f5800be8f5400b98f0d
:1060a8005000b88f4c00af8f4800ae8f4400ad8fc2
:1060b8004000ac8f3c00ab8f3800aa8f3400a98f0a
:1060c8003000a88f2c00a78f2800a68f2400a58f4a
:1060d8002000a48f1c00a38f1800a28f1400a18f8a
:1060e8000000000000606041c00000007400ba8f2a
:1060f8007000bb8f00709a406c00ba8f7800bd2783
:1061080002609a4000e8dd4100609b4018000042b0
:020000040000fa
:020000041d00dd
:1061180000e85d4100701b4002601a4088ffbd27ff
:106128007400bbaf00601b406c00baaf7000bbaf1f
:1061380044781b7c00007b3700609b401c00a3afa9
:106148001800a2af6c00a38f0f0063301200601418
:10615800000000005c00bfaf5800beaf5400b9afec
:106168005000b8af4c00afaf4800aeaf4400adaf81
:106178004000acaf3c00abaf3800aaaf3400a9afc9
:106188003000a8af2c00a7af2800a6af2400a5af09
:106198002000a4af1400a1af0000000012100000fe
:1061a8006400a2af101800006000a3af21f0a003a4
:1061b800212000000c0005243025400f00000000bd
:1061c80021e8c0036400a28f130040006000a38f81
:1061d800110060006c00a28f0f00423014004014c0
:1061e800000000005c00bf8f5800be8f5400b98fbc
:1061f8005000b88f4c00af8f4800ae8f4400ad8f71
:106208004000ac8f3c00ab8f3800aa8f3400a98fb8
:106218003000a88f2c00a78f2800a68f2400a58ff8
:106228002000a48f1c00a38f1800a28f1400a18f38
:106238000000000000606041c00000007400ba8fd8
:106248007000bb8f00709a406c00ba8f7800bd2731
:1062580002609a4000e8dd4100609b40180000425f
:020000040000fa
:020000041d00dd
:10626800e0ffbd271c00bfaf1800b1af1400b0afee
:106278000c00a29402004330480060102180a00066
:10628800000243301c0060100400a38c0002453457
:106298000c0005a61c006010ff0091300a000424c1
:1062a8001f002412800042301000028e3600621057
:1062b800010063240000028e01004424000004aea3
:1062c800040003ae000051a00100032400a0023c1a
:1062d800700143a00a000224180022520c00039601
:1062e800211020021c00bf8f1800b18f1400b08f3e
:1062f8000800e0032000bd27280060140002453490
:106308000c0005a6ff0091300800048e000004aec2
:106318000a000424e5ff24561000028e8000423053
:10632800e2ff40541000028e0d0004249a18400f1a
:1063380021280002ac18400b0400038e00016330d2
:10634800e8ff60100a0002240e0004960800058e7b
:10635800a41e400f0400068e0400038e060043505e
:106368000800038e0c000296ffff1124300042340f
:106378000c0002a60800038e040000ae21102002c3
:10638800bb18400b000003ae2024117ceb18400f13
:1063980021280002bc18400b1c00bf8fbb18400b03
:0463a800ffff0224cd
:020000040000fa
:020000041d00dd
:1063ac00e8ffbd271400bfaf1000b0af2180a000e4
:1063bc000c00a294400043301c0060141800a4a3ed
:1063cc00020043303d006050300042341000a38c7a
:1063dc001b0060500e00a4940800a58c2d00a0504a
:1063ec0000a0053c0400068ea41e400f0e0004966f
:1063fc000800028e1800a38301004424ffff05242b
:10640c00040005ae000004ae000043a01800a283f7
:10641c000a000324130043500c0003961400bf8f92
:10642c001000b08f0800e0031800bd272014047c76
:10643c001400bf8f1000b08f0800e0031800bd27b8
:10644c001800a527a41e400f01000624040000ae6e
:10645c001800a2831400bf8f1000b08f0800e00357
:10646c001800bd2700016330edff60101400bf8fd2
:10647c000e0004960800058ea41e400f0400068e24
:10648c000800038e1800a283040000ae0a19400b0a
:10649c00000003ae3001a524200003240800423480
:1064ac00080005ae000005ae100003ae040003aefc
:1064bc000c0002a6fd18400b200006240c00a2a420
:0c64cc000400a0ac0a19400bffff0224e2
:020000040000fa
:020000041d00dd
:1064d800feff092440500500405807002558640174
:1064e8002558660125504b010300401500000000a7
:1064f8003c0000100000022402008010404005000b
:1065080001000825e0ff013c010021342b080101ae
:1065180037002010000000000200c01040400700b3
:1065280001000825e0ff013c010021342b0801018e
:106538002f002010000000001600a1040000000039
:106548000300e0040000000026000010ffff022402
:106558002b508600232086002b58aa002328aa0047
:106568002b50a70025504b01030040112328a700fa
:106578001c000010010002242550a4000300401153
:106588000000000017000010ffff02241500001093
:10659800000002240300e1040000000011000010c4
:1065a800010002242b508600232086002b58aa00c5
:1065b8002328aa002b50a70025504b0103004011a7
:1065c8002328a70007000010ffff02242550a4007d
:1065d8000300401100000000020000100100022426
:1065e800000002240800e003000000000000000092
:0c65f800fcff001025100900000000004e
:020000040000fa
:020000041d00dd
:10660400d8ffbd272400bfaf2000beaf21f0a003f8
:1066140080bf023c006044345626400f0000000056
:106624001000a0af1400a0af80bf023c006044344f
:106634002128000021300000213800009d23400f54
:106644000000000080bf023c0060443421280000a8
:106654004b24400f0000000080bf023c0060443423
:106664002128000002000624213800006a24400f7b
:1066740000000000212000001125400f0000000050
:106684001800c2af80bf023c006044341800c58fbc
:1066940000e106342920400f000000002120000002
:1066a4001c0005243025400f0000000021200000bc
:1066b4001b0005243025400f0000000021200000ad
:1066c4001a0005243025400f00000000212000009e
:1066d4001a0005243a25400f000000002120000084
:1066e4001b0005243a25400f000000002110000083
:1066f40021e8c0032400bf8f2000be8f2800bd27df
:086704000800e00300000000a2
:020000040000fa
:020000041d00dd
:10670c00e8ffbd271400bfaf1000beaf21f0a003ff
:10671c0080bf023c0090443403000524e125400f67
:10672c000000000080bf023c00904434212800008f
:10673c00ff25400f0000000080bf023c0090443455
:10674c00010005240426400f0000000080bf023c1d
:10675c000090443421280000eb25400f000000007d
:10676c0080bf023c0090443407000524fa25400ffa
:10677c000000000080bf023c00904434212800003f
:10678c00e625400f0000000080bf023c009044341e
:10679c001f000524f525400f0000000080bf023cbf
:1067ac0000904434c404023c00b445342000062458
:1067bc006c25400f0000000080bf023c0090443468
:1067cc0001000524f025400f0000000080bf023cb2
:1067dc00009044343626400f0000000080bf023c7d
:1067ec0000904434b725400f0000000021e8c0039e
:1067fc001400bf8f1000be8f1800bd270800e003e7
:04680c000000000088
:020000040000fa
:020000041d00dd
:10681000e8ffbd271400bfaf1000beaf21f0a003fa
:106820001800c4af21200000d822400f0000000053
:1068300021200000212800005b24400f0000000000
:106840001c25400f0000000021204000dc16400ff6
:1068500000000000ca24400f000000002023400f69
:10686000000000003a1f400f000000005d1f400fb5
:10687000000000001c1d400f000000004b1d400fd9
:10688000000000007a1d400f0000000021200000e1
:10689000212800008d22400f000000002118400038
:1068a00000a0023c200142240c0043ac2120000047
:1068b00018000524050006243623400f00000000c0
:1068c0002120000018000524213000007523400f0e
:1068d00000000000d111400f00000000b024400f64
:1068e000000000000060024001004234006082406d
:1068f000c0000000a324400f0000000021e8c003f6
:106900001400bf8f1000be8f1800bd270800e003e1
:046910000000000083
:020000040000fa
:020000041d00dd
:10691400002020202020202020202828282828206b
:106924002020202020202020202020202020202063
:1069340020801010101010101010101010101010d3
:1069440010040404040404040404041010101010bb
:106954001010414141414141010101010101010185
:1069640001010101010101010101010110101010d7
:106974001010424242424242020202020202020257
:1069840002020202020202020202020210101010ab
:1069940020000000000000000000000000000000d3
:1069a40000000000000000000000000000000000e3
:1069b40000000000000000000000000000000000d3
:1069c40000000000000000000000000000000000c3
:1069d40000000000000000000000000000000000b3
:1069e40000000000000000000000000000000000a3
:1069f4000000000000000000000000000000000093
:106a04000000000000000000000000000000000082
:046a1400000000007e
:020000040000fa
:020000041d00dd
:106a1800c03a0500425d04002538eb00c03204008e
:106a28000080013c2538e1000080013c2448a10099
:106a3800404005004245080080fc0825ffff0b2563
:106a4800fe00612d12002010000000000200c0109e
:106a5800000000000100e7348000e7248000eb2cf0
:106a680021400b01025a070001006b312338eb006b
:106a780040380700423a0700c05d08002538eb009f
:106a88002510e9000800e0030000000000000000f5
:106a98007f0401240700011500000000405807008a
:106aa800255866010300601100000000f5ff001082
:106ab800c0ff023cff000129040020140000000070
:106ac800807f013cefff00102510210101000a24fe
:106ad800235048012000412d03002014000000002d
:106ae800e8ff00102510090020000c2423608a010b
:106af800045887012530cb000638470100000824d8
:106b08000080013cd1ff00102538e10000000000a2
:020000040000fa
:020000041d00dd
:106b1800e0ffbd271c00bfaf1800beaf21f0a003e7
:106b28002000c4af80bf023c009044343e26400f92
:106b38000000000080bf023c009044345e26400ff5
:106b4800000000001000c2af1000c28f11004014f6
:106b58000000000080bf023c00904434212800005f
:106b6800bd25400f00000000ffff42301400c2a7ff
:106b780080bf023c0090443401000524bd25400f2d
:106b880000000000ffff42301600c2a7f51a400bb4
:106b98000000000080bf023c009044340800052437
:106ba800bd25400f00000000ffff42301400c2a7bf
:106bb80080bf023c0090443409000524bd25400fe5
:106bc80000000000ffff42301600c2a780bf023c51
:106bd800009044343a26400f000000002000c28f85
:106be8001400c38f030043a8000043b82000c28fdd
:106bf80021e8c0031c00bf8f1800be8f2000bd27ee
:086c08000800e0030000000099
:020000040000fa
:020000041d00dd
:106c1000286e756c6c2900003031323334353637cc
:106c20003839414243444546000000003031323398
:106c300034353637383961626364656600000000b8
:106c400001000000000000000a0000000000000039
:106c50006400000000000000e803000000000000e5
:106c60001027000000000000a086010000000000c6
:106c700040420f00000000008096980000000000d5
:106c800000e1f5050000000000ca9a3b000000008a
:106c900000e40b540200000000e8764817000000f2
:106ca0000010a5d4e800000000a0724e18090000f2
:106cb00000407a10f35a00000080c6a47e8d0300c5
:106cc0000000c16ff286230000008a5d78456301f1
:106cd000000064a7b3b6e00d0000e8890423c78a6a
:106ce000000000000000e03f000000000000f03f56
:106cf00000000000000024409a9999999999b93fa1
:086d000095d626e80b2e114088
:020000040000fa
:020000041d00dd
:106d08000055a77cffffe224fe07422cc24f050076
:106d18002d0040100098a57c01fce6243f00c828ff
:106d2800211080001000033c2c0000112518a3003e
:106d38002700c0043500c5281400a0143400052419
:106d4800cdfbe72442300400271007000428e300a5
:106d5800061046002000e3300438e40025284500ea
:106d68002110e0000b1003000a38a3002118e000ee
:106d78001300201100000000231002002b20020045
:106d8800231803000800e00323186400f8ffc51067
:106d98004028030033040224233847002710070043
:106da800042845000610e4002000e4300618e3003b
:106db8002510a2000b106400efff20150b1804002b
:106dc8000800e003000000000500e0542110000066
:106dd800211000000800e003211800002110000025
:086de8000800e0030080033cf9
:020000040000fa
:020000041d00dd
:106df000f8ffbd270400beaf21f0a00388bf033c0d
:106e0000406062940442027c406062a488bf033cfc
:106e1000606062940442027c606062a488bf033cac
:106e2000c06062940463027cc06062a488bf033cbb
:106e3000c0606294446b027cc06062a488bf033c63
:106e4000e0606294010004240463827ce06062a438
:106e500088bf033ce060629401000424446b827ca0
:106e6000e06062a488bf033c806062944408027cb6
:106e7000806062a488bf033c806062948410027cbe
:106e8000806062a488bf033ca06062940100042477
:106e90004408827ca06062a488bf033ca060629426
:106ea000010004248410827ca06062a488bf033c9b
:106eb00060606294010004240442827c606062a4e9
:106ec00021e8c0030400be8f0800bd270800e003ce
:046ed00000000000be
:020000040000fa
:020000041d00dd
:106ed400e0ffbd271c00bfaf1800beaf21f0a00328
:106ee400211080002000c2a32000c2931000c2a37e
:106ef4001000c28fc000427cff00443088bf033cb6
:106f040020616294c439827c206162a41000c28f23
:106f14008000427cff00443088bf033c20616294bf
:106f24008431827c206162a41000c28f4000427cc4
:106f3400ff00443088bf033c206162944429827c72
:106f4400206162a41000c28f0000427cff00443024
:106f540088bf033c206162940421827c206162a486
:106f6400c323400f0000000088bf033c20616294eb
:106f7400010004248410827c206162a4c323400f96
:106f84000000000088bf033c206162948410027cee
:106f9400206162a4c323400f0000000021e8c00365
:106fa4001c00bf8f1800be8f2000bd270800e0031f
:046fb40000000000d9
:020000040000fa
:020000041d00dd
:106fb800a8ffbd270400a1af0800a2af0c00a3af33
:106fc8001000a4af1400a5af1800a6af1c00a7af0f
:106fd8002000a8af2400a9af2800aaaf2c00abafaf
:106fe8003000acaf3400adaf3800aeaf3c00afaf4f
:106ff8004000b8af4400b9af4800bfaf124000002e
:107008004c00a8af104000005000a8af019d1a3cea
:107018008c935a2700000000006804400060054077
:1070280009f84003000000005000a88f110000017b
:107038004c00a88f130000010400a18f0800a28f44
:107048000c00a38f1000a48f1400a58f1800a68f22
:107058001c00a78f2000a88f2400a98f2800aa8fc2
:107068002c00ab8f3000ac8f3400ad8f3800ae8f62
:107078003c00af8f4000b88f4400b98f4800bf8fe5
:0c7088005800bd27c000000018000042a6
:020000040000fa
:020000041d00dd
:10709400e8ffbd271400bfaf00a0023c0400428cef
:1070a4000a004014211880000000023c0000422421
:1070b400200040100000023c0000000c0000000012
:1070c4001400bf8f0800e0031800bd2780bf043cf4
:1070d40010608424fbff80101400bf8f010005247e
:1070e4001b00451080bf023c80bf023c2068422444
:1070f40080bf053c1868a52480bf063c0868c624e8
:1071040080bf043c10688424008007340000c7acae
:10711400000406240000a6ac0000858c0001a53004
:10712400fdffa01000000000000043ac321c400b27
:107134001400bf8f00004224ecff401080bf023ccb
:107144000000000c00000000321c400b1400bf8f34
:107154002060422480bf053c1860a52480bf063c03
:08716400431c400b0860c62427
:020000040000fa
:020000041d00dd
:10716c00f0ffbd270c00beaf21f0a0031000c4af90
:10717c001400c5af1800c6af2110e0001c00c2a35c
:10718c001000c28f1400c38f000043ac1000c28fdc
:10719c001800c38f040043ac1400c28fffff4224bd
:1071ac001800c38f211862001000c28f080043ac76
:1071bc001000c28f1800c38f0c0043ac1000c28f9c
:1071cc001800c38f100043ac1800c28f0400c2af6c
:1071dc000000c0af831c400b000000000400c28ff5
:1071ec001c00c393000043a00400c28f0100422482
:1071fc000400c2af0000c28f010042240000c2afe5
:10720c000000c38f1400c28f2a106200f3ff4014d9
:10721c000000000021e8c0030c00be8f1000bd2749
:08722c000800e003000000006f
:020000040000fa
:020000041d00dd
:10723400e0ffbd271c00bfaf1800beaf21f0a003c4
:107244002000c4af2400c5af2000c48f5b22400fd0
:10725400000000001400c2af1400c28f07004014e5
:1072640000000000010002241000c2a32400c28f09
:10727400000040a0b61c400b000000002000c28f9c
:107284001000428c000043802400c28f000043a001
:107294002000c28f1000428c010043242000c28fc2
:1072a400100043ac2000c28f1000438c2000c28f1a
:1072b4000800428c2b104300050040100000000021
:1072c4002000c28f0400438c2000c28f100043ac06
:1072d4001000c0a31000c29321e8c0031c00bf8f9c
:1072e4001800be8f2000bd270800e0030000000046
:020000040000fa
:020000041d00dd
:1072f400e8ffbd271400bfaf1000beaf21f0a0030c
:10730400211080001800c2a31800c2930a000324ad
:107314000f004310000000000c000324060043107b
:1073240000000000080003240f00431000000000c8
:10733400e11c400b00000000212000000100052496
:10734400ed1c400f00000000e71c400b0000000093
:107354000100042402000524c61f400f00000000a1
:10736400e71c400b00000000212000001000052451
:10737400ed1c400f00000000e71c400b0000000063
:107384001800c2930100042421284000ed1c400f82
:10739400000000000000000021e8c0031400bf8fbb
:1073a4001000be8f1800bd270800e0030000000095
:020000040000fa
:020000041d00dd
:1073b400e8ffbd271400bfaf1000beaf21f0a0034b
:1073c400211880002110a0001800c3a31c00c2a330
:1073d40088bf033c206162940400027c206162a4a3
:1073e400000000004911400f000000002014027c3e
:1073f400fcff4004000000001800c293010042306a
:10740400ff00443088bf033c206162940400827c06
:10741400206162a488bf033c206162944408027c1a
:10742400206162a41c00c29302110200ff004230da
:1074340021204000b51b400f000000001c00c29337
:107444000f004230ff00423021204000b51b400fa6
:107454000000000021e8c0031400bf8f1000be8f9d
:0c7464001800bd270800e0030000000035
:020000040000fa
:020000041d00dd
:10747000e8ffbd271400bfaf1000beaf21f0a0038e
:1074800080bf023c000644345226400f000000003a
:1074900080bf023c00064434212800003126400f02
:1074a0000000000080bf023c0006443406000524b2
:1074b000d51d400f0000000080bf023c0006443490
:1074c000d525400f0000000080bf023c0006443478
:1074d0006726400f0000000080bf023c00064434d5
:1074e000a76105246a26400f00000000212000004b
:1074f00004000524040006243623400f0000000089
:107500002120000004000524213000007523400fd5
:107510000000000021e8c0031400bf8f1000be8fe0
:0c7520001800bd270800e0030000000078
:020000040000fa
:020000041d00dd
:10752c00e8ffbd271400bfaf1000beaf21f0a003d1
:10753c0080bf023c000844345226400f000000007b
:10754c0080bf023c00084434212800003126400f43
:10755c000000000080bf023c0008443421280000d9
:10756c00d51d400f0000000080bf023c00084434d1
:10757c00d525400f0000000080bf023c00084434b9
:10758c006726400f0000000080bf023c0008443416
:10759c00cf0705246a26400f0000000021200000c0
:1075ac0008000524213000003623400f00000000a5
:1075bc002120000008000524213000007523400f15
:1075cc000000000021e8c0031400bf8f1000be8f24
:0c75dc001800bd270800e00300000000bc
:020000040000fa
:020000041d00dd
:1075e800e8ffbd271400bfaf1000beaf21f0a00315
:1075f80080bf023c000a44345226400f00000000bd
:1076080080bf023c000a4434212800003126400f84
:107618000000000080bf023c000a44340400052436
:10762800d51d400f0000000080bf023c000a443412
:10763800d525400f0000000080bf023c000a4434fa
:107648006726400f0000000080bf023c000a443457
:10765800b78805346a26400f00000000212000008a
:107668000c000524213000003623400f00000000e4
:10767800212000000c000524213000007523400f54
:107688000000000021e8c0031400bf8f1000be8f67
:0c7698001800bd270800e00300000000ff
:020000040000fa
:020000041d00dd
:1076a400e0ffbd271c00bfaf1800beaf21f0a00350
:1076b4002000c4af2110a0002400c2a32000c48f66
:1076c400c021400f0000000005004014000000002d
:1076d400010002241000c2a3ce1d400b00000000d4
:1076e4002000c28f0c00428c2400c393000043a0ee
:1076f4002000c28f0c00428c010043242000c28f62
:107704000c0043ac2000c28f0c00438c2000c28fbd
:107714000800428c2b1043000500401000000000bc
:107724002000c28f0400438c2000c28f0c0043aca5
:107734001000c0a31000c29321e8c0031c00bf8f37
:107744001800be8f2000bd270800e00300000000e1
:020000040000fa
:020000041d00dd
:1077540080bf023c0006422406008210030002247b
:10776400000082940431a27c000082a40800e0039b
:10777400000000001300a2100400a32c0a006014ef
:10778400060003241500a310070003241900a31402
:1077940000000000000083940431437c000083a4b3
:1077a4000800e003000000001200a0140000000024
:1077b400000082940431027c000082a40800e003eb
:1077c4000000000000008294010003240431627c64
:1077d400000082a40800e00300000000000082947e
:1077e400020003240431627c000082a40800e00348
:0c77f400000000000800e003000000009e
:020000040000fa
:020000041d00dd
:10780000c23d0400ff00e7300080013c24308100cd
:10781000ffffe924fe00212d0d00201000000000d4
:107820008003e724404a0400024b09002530c900c8
:10783000402f0400004d07002530c9002510050029
:10784000251806000800e00300000000000000000a
:107850000000052421208400f6ff801000000000b5
:107860000900e01400000000ffffe724212084004d
:107870008000013c2b088100fbff20140000000069
:10788000e7ff001000000000ff07072400ff013c95
:10789000010021342b088100e6ff201400000000c5
:0c78a000e4ff0010f8ff063c00000000b0
:020000040000fa
:020000041d00dd
:1078ac0040380500423d0700ffffe924fe07212d6b
:1078bc000c0020100000000002fce7240f80013cab
:1078cc00ffff21342428a100e03f013c2528a10022
:1078dc000000c7ac25100400251805000800e003c3
:1078ec00000000001300e0140000000040480500f8
:1078fc0025482401f6ff2011000000000080013c07
:10790c002440a1000100e724ffffe7242a4880005f
:10791c00212084002128a5002128a9001000013c69
:10792c002b08a100f8ff201400000000e2ff00105b
:10793c002528a800f8ff053c00000724e4ff0010f0
:08794c002520070000000000e7
:020000040000fa
:020000041d00dd
:10795400000000a00200000001000000010100007e
:10796400080000a00400000000000000400000a087
:1079740088000000000000000c0000a001000000ce
:10798400000000000d0000a0010000000000000045
:10799400c80000a058000000000000000e0000a075
:1079a4000300000000000000200100a010000000ff
:1079b40000000000140000a004000000000000000b
:1079c400180000a00800000000000000300100a022
:1079d4004400000000000000040000a004000000b7
:1079e4000100000002000000000000002222222208
:020000040000fa
:020000041d00dd
:1079f400feff082440300400403805002548c70035
:107a04001b0020110000000000ff013c0100213494
:107a14002b08c1001a0020100000000000ff013ce8
:107a2400010021342b08e1001500201000000000a3
:107a34000200810442300600233006000200a10443
:107a440042380700233807002a08c7000300201023
:107a54000000000007000010ffff02242a08e600cf
:107a640003002010000000000200001001000224a6
:107a7400000002240800e0030000000000000000f1
:0c7a8400fcff00102510080000000000ae
:020000040000fa
:020000041d00dd
:107a90001800a010211000001200c0100300842c58
:107aa0001200801000000000e0ffbd271c00bfafe7
:107ab0000000023c00004224100040101800b0af4b
:107ac0002120a0002128c0000000000c1400a6af57
:107ad0001400a68f2110c0001c00bf8f1800b08fab
:107ae0002000bd270800e003000000000800e003bc
:107af0002110c0000800e003000000002180c00049
:107b00000000a480ffff10260100a5241000a5afef
:107b1000251c400f1400a6af1000a58ff8ff00161b
:0c7b20001400a68fb61e400b2110c00000
:020000040000fa
:020000041d00dd
:107b2c00e0ffbd271c00bfaf1800beaf21f0a003c3
:107b3c00211080002000c2a32000c2931800401026
:107b4c00000000002000c2930500422c14004010dd
:107b5c00000000002000c2930100042421284000f2
:107b6c00c61f400f000000001000c0afe71e400b06
:107b7c00000000000100042420000524ed1c400f2f
:107b8c00000000001000c28f010042241000c2afa0
:107b9c001000c28f14004228f6ff401400000000b1
:107bac0021e8c0031c00bf8f1800be8f2000bd272a
:087bbc000800e00300000000d6
:020000040000fa
:020000041d00dd
:107bc80052656d6f74652073657474696e67732090
:107bd80020202020000000004c6f63616c2073653a
:107be8007474696e67732020202020200000000034
:107bf800537065656453657474696e6700000000ae
:107c08002534640061627353706565640000000088
:107c1800416e676c65000000c618638c31c6c83faa
:107c28000000c6420000000086165a68a185c63fbb
:107c38000000b44200003443c7711cc7715c814026
:107c4800abaaaaaaaa0a9a40000020410000000094
:020000040000fa
:020000041d00dd
:107c5800e8ffbd271400bfaf1000beaf21f0a0039e
:107c68001800c4af1c00c5af1800c38f0a00022457
:107c78000c006214000000001c00c28f2b100200d0
:107c8800ff00423021200000010005241800c68fa3
:107c9800213840008923400f00000000341f400baa
:107ca800000000001c00c28f2b100200ff004230b1
:107cb80021200000212800001800c68f213840002c
:107cc8008923400f0000000021e8c0031400bf8f83
:107cd8001000be8f1800bd270800e0030000000058
:020000040000fa
:020000041d00dd
:107ce800e8ffbd271400bfaf1000beaf21f0a0030e
:107cf80080bf023c00324434060005241d26400f94
:107d08000000000080bf023c0032443421280000fb
:107d18001826400f0000000080bf023c00324434a7
:107d2800212800001326400f0000000080bf023cfd
:107d380000324434212800006126400f0000000072
:107d480080bf023c003244340a0005246426400ff8
:107d58000000000021e8c0031400bf8f1000be8f90
:0c7d68001800bd270800e0030000000028
:020000040000fa
:020000041d00dd
:107d7400e8ffbd271400bfaf1000beaf21f0a00381
:107d840080bf023c00344434060005241d26400f05
:107d94000000000080bf023c00344434212800006d
:107da4001826400f0000000080bf023c0034443419
:107db400010005241326400f0000000080bf023c90
:107dc40000344434212800006126400f00000000e4
:107dd40080bf023c003444340a0005246426400f6a
:107de4000000000021e8c0031400bf8f1000be8f04
:0c7df4001800bd270800e003000000009c
:020000040000fa
:020000041d00dd
:107e0000c03a0500425504002538ea000080013cd4
:107e10002538e1004050050042550a001e040624a2
:107e20002330ca000c00c004000000002000c12c58
:107e30000200201400000000000007340200a1042a
:107e40000638c70023380700251007000800e003a4
:107e50000000000000000000020080100000000090
:107e60000100a534f07f013c010021342b08a10062
:107e70000300201400000000f4ff00100080023c0a
:0c7e8000f2ff0010ffff022400000000d1
:020000040000fa
:020000041d00dd
:107e8c002118a000214880002140c0000700a10457
:107e9c002110e000234804002b20090023180500c2
:107eac00231864000080043c261864000700410479
:107ebc0000000000234006002b20080023100700c0
:107ecc00231044000080043c261044000b002811b1
:107edc002a204300050080140000000005006214f5
:107eec002b40090103000011000000000800e00312
:107efc00010002240800e003ffff0224f5ff6214d6
:0c7f0c00000000000800e003211000004d
:020000040000fa
:020000041d00dd
:107f1800e0ffbd271c00bfaf1800beaf21f0a003d3
:107f2800211880002110a0002000c3a32400c2a3b0
:107f38002400c393019d023cfc9942242110620055
:107f4800000042901000c2a32000c3931000c29307
:107f580021106200ff004230ffff42241000c2a33c
:107f68001000c39380ff022425106200ff004230f6
:107f78002120000021284000ed1c400f00000000d7
:107f880021e8c0031c00bf8f1800be8f2000bd274a
:087f98000800e00300000000f6
:020000040000fa
:020000041d00dd
:107fa0002118e003009d083c547908250000098d44
:107fb000180020110400082500000a8d040008257f
:107fc00000000b8d090060110400082500000c91d1
:107fd000ffff4a250100082500002ca1fbff4015ea
:107fe000010029250500001000000000000020a16c
:107ff000ffff4a25fdff4015010029250300082544
:10800000fcff0a24244048010000098de7ff2015e9
:108010000000000021f860000800e00300000000fc
:04802000000000005c
:020000040000fa
:020000041d00dd
:10802400f0ffbd270c00bfaf0800beaf21f0a003d6
:108034001000c4af2110000000488240c0000000be
:108044001000c48f21188000801003002118400004
:108054004011030023104300211044008018020043
:108064002110430080110200f1ff42240000c2af3e
:1080740000000000004803400000c28f2b10620083
:10808400fcff40140000000021e8c0030c00bf8f77
:108094000800be8f1000bd270800e00300000000a8
:020000040000fa
:020000041d00dd
:1080a4004218060082100500211043001b00460000
:1080b400f401c0001210000000140724180087ac5b
:1080c400ffff42240100073c2b3847000d00e01459
:1080d400022905002118a3001b006600f401c0005a
:1080e4001218000008000224040082acffff63247d
:1080f400400083ac00800234080082ac0800e00336
:108104000000000008000324080083ac400082ac97
:1081140000800234080082ac0800e0030000000084
:020000040000fa
:020000041d00dd
:10812400002a04000080013c2528a100c23d04006f
:10813400ff00e7309e0006242330c7000d00c0185e
:10814400000000002000c1280300201400000000eb
:108154000500001000000224020081040628c50066
:1081640023280500251005000800e0030000000096
:1081740000000000807f013c010021342b088100b5
:108184000300201400000000f7ff00100080023cf0
:10819400ff7f023cf4ff0010ffff423400000000a8
:020000040000fa
:020000041d00dd
:1081a400e0ffbd271c00bfaf1800b1af1400b0af93
:1081b40021300000e043073c21808000a31f400fd2
:1081c4002188a000212000020e0040042128200262
:1081d40021300000510c400fe043073c21204000b7
:1081e400421b400f212860000080043c25186400d5
:1081f4001c00bf8f1800b18f1400b08f0800e0037b
:108204002000bd27421b400f000000001c00bf8f50
:108214001800b18f1400b08f0800e0032000bd27c0
:020000040000fa
:020000041d00dd
:10822400e8ffbd271400bfaf1000beaf21f0a003cc
:1082340000a0023cc80044241500052400a0023c10
:10824400f4004624213800005b1c400f00000000ad
:1082540000a0023c0c0144241500052400a0023cab
:10826400dc004624213800005b1c400f00000000a5
:1082740088bf033ce060629401000424c47b827cd8
:10828400e06062a421e8c0031400bf8f1000be8f19
:0c8294001800bd270800e00300000000f7
:020000040000fa
:020000041d00dd
:1082a000002a04000080013c2528a100c23d0400f2
:1082b000ff00e7309e0006242330c7000d00c004f5
:1082c000000000002000c12803002014000000006e
:1082d0000500001000000224020081040628c500e9
:1082e00023280500251005000800e0030000000019
:1082f00000000000807f013c010021342b08810038
:108300000300201400000000f7ff00100080023c72
:0c831000f5ff0010ffff02240000000039
:020000040000fa
:020000041d00dd
:10831c00f8ffbd270400beaf21f0a0032118800098
:10832c002110a0000800c3a70c00c2a30800c2972c
:10833c0002120200ffff4230ff0043300c00c293d8
:10834c0026186200009d023c40180300584b422442
:10835c002110620000004294201e027c0800c2978b
:10836c00001202002016027c261062002016027ced
:10837c00ffff423021e8c0030400be8f0800bd2778
:08838c000800e00300000000fe
:020000040000fa
:020000041d00dd
:108394000000052425480500253805002530040083
:1083a4000c00c010000000000600c1040000000022
:1083b4000080093c2b5005002328050023300600cb
:1083c4002330ca001e0407242040c8702338e80064
:1083d40004300601c24205004055060025400a014a
:1083e4004050060002530a0025482a0100550700a0
:1083f40025482a0125100800251809000800e00373
:08840400000000000000000070
:020000040000fa
:020000041d00dd
:10840c00e8ffbd271400bfaf1000beaf21f0a003e2
:10841c001800c4af1800c38f0a00022408006214ad
:10842c000000000021200000010005241800c68f68
:10843c005825400f000000001821400b00000000e0
:10844c0021200000212800001800c68f5825400f5d
:10845c000000000021e8c0031400bf8f1000be8f85
:0c846c001800bd270800e003000000001d
:020000040000fa
:020000041d00dd
:10847800e8ffbd271400bfaf1000beaf21f0a00376
:108488001800c4af1800c38f0a0002240800621441
:108498000000000021200000010005241800c68ffc
:1084a8004e25400f000000003321400b0000000063
:1084b80021200000212800001800c68f4e25400ffb
:1084c8000000000021e8c0031400bf8f1000be8f19
:0c84d8001800bd270800e00300000000b1
:020000040000fa
:020000041d00dd
:1084e400e8ffbd271400bfaf1000beaf21f0a0030a
:1084f4001800c4af1800c38f0a00022408006214d5
:108504000000000021200000010005241800c68f8f
:108514006225400f000000004e21400b00000000c7
:1085240021200000212800001800c68f6225400f7a
:108534000000000021e8c0031400bf8f1000be8fac
:0c8544001800bd270800e0030000000044
:020000040000fa
:020000041d00dd
:10855000c8ffbd273400bfaf3000beaf21f0a0037d
:108560003c00c5af4000c6af4400c7af3800c4af41
:108570003c00c2272800c2af2800c28f1000c327ca
:10858000212060003800c58f213040006023400f5b
:10859000000000001000c22721204000f421400ffd
:1085a0000000000021e8c0033400bf8f3000be8f00
:0c85b0003800bd270800e00300000000b8
:020000040000fa
:020000041d00dd
:1085bc00e8ffbd271400bfaf1000beaf21f0a00331
:1085cc00211080001800c2a31800c2930d004010a7
:1085dc000000000021200000040005243025400f7d
:1085ec000000000021200000040005243a25400f63
:1085fc000000000080bf023c000644344e26400fb1
:10860c000000000021e8c0031400bf8f1000be8fd3
:0c861c001800bd270800e003000000006b
:020000040000fa
:020000041d00dd
:10862800e8ffbd271400bfaf1000beaf21f0a003c4
:10863800211080001800c2a31800c2930d0040103a
:108648000000000021200000080005243025400f0c
:108658000000000021200000080005243a25400ff2
:108668000000000080bf023c000844344e26400f42
:108678000000000021e8c0031400bf8f1000be8f67
:0c8688001800bd270800e00300000000ff
:020000040000fa
:020000041d00dd
:10869400e8ffbd271400bfaf1000beaf21f0a00358
:1086a400211080001800c2a31800c2930d004010ce
:1086b40000000000212000000c0005243025400f9c
:1086c40000000000212000000c0005243a25400f82
:1086d4000000000080bf023c000a44344e26400fd4
:1086e4000000000021e8c0031400bf8f1000be8ffb
:0c86f4001800bd270800e0030000000093
:020000040000fa
:020000041d00dd
:10870000f0ffbd270c00beaf21f0a0031000c4afe6
:108710001000c28f1000428c211840001000c28f40
:108720000c00428c23106200ffff42240000c2af05
:108730000000c28f06004104000000001000c28f3c
:108740000000428c0000c38f211062000000c2af05
:108750000000c28f21e8c0030c00be8f1000bd27af
:088760000800e0030000000026
:020000040000fa
:020000041d00dd
:10876800f0ffbd270c00bfaf0800beaf21f0a0038b
:108778001000c4af2110000000488240c000000073
:108788001000c28fc01002008018020021104300a0
:10879800f1ff42240000c2af00000000004803407f
:1087a8000000c28f2b106200fcff40140000000084
:1087b80021e8c0030c00bf8f0800be8f1000bd2742
:0887c8000800e00300000000be
:020000040000fa
:020000041d00dd
:1087d000e8ffbd271400bfaf1000beaf21f0a0031b
:1087e0001800c4af0422400b000000001800c28f24
:1087f00000004280ff00423021204000bd1c400f9d
:10880000000000001800c28f010042241800c2af0f
:108810001800c28f00004280f4ff401400000000e6
:1088200021e8c0031400bf8f1000be8f1800bd27c1
:088830000800e0030000000055
:020000040000fa
:020000041d00dd
:10883800e0ffbd271c00bfaf1800beaf21f0a003aa
:108848001000c0a321200000b025400f0000000048
:10885800010042302b1002001000c2a321200000aa
:108868002625400f000000001000c29304004010ad
:1088780000000000212000008725400f00000000b4
:1088880021e8c0031c00bf8f1800be8f2000bd2741
:088898000800e00300000000ed
:020000040000fa
:020000041d00dd
:1088a000e0ffbd271c00bfaf1800beaf21f0a00342
:1088b0001000c0a321200000b025400f00000000e0
:1088c000010042302b1002001000c2a32120000042
:1088d000c925400f000000001000c29304004010a2
:1088e00000000000212000008725400f000000004c
:1088f00021e8c0031c00bf8f1800be8f2000bd27d9
:088900000800e0030000000084
:020000040000fa
:020000041d00dd
:10890800e8ffbd271400bfaf1000beaf21f0a003e1
:108918001800c4af1800c28f400040a07c1b400f55
:10892800000000001b24400f000000002b24400f13
:10893800000000003b24400f000000007924400f95
:10894800000000008724400f0000000021e8c00359
:108958001400bf8f1000be8f1800bd270800e00369
:04896800000000000b
:020000040000fa
:020000041d00dd
:10896c00f0ffbd270c00beaf21f0a0031000c4af78
:10897c001000c28f0c00428c211840001000c28fd6
:10898c001000428c231062000000c2af0000c28fa6
:10899c0006004104000000001000c28f0000428c51
:1089ac000000c38f211062000000c2af0000c28f14
:1089bc0021e8c0030c00be8f1000bd270800e003a7
:0489cc0000000000a7
:020000040000fa
:020000041d00dd
:1089d000e0ffbd271c00bfaf1800beaf21f0a00311
:1089e000212000001125400f000000001000c2af40
:1089f00080bf023c000a4434a622400f0000000061
:108a00001400c2af1000c38f1400c28f1b0062009d
:108a1000f4014000101000001210000021e8c00313
:108a20001c00bf8f1800be8f2000bd270800e00388
:048a30000000000042
:020000040000fa
:020000041d00dd
:108a3400e0ffbd271c00bfaf1800beaf21f0a003ac
:108a4400211080002400c5af2000c2a72000c297d7
:108a540006004014000000008119400f00000000cf
:108a64001000c2af9f22400b00000000ffff022451
:108a74001000c2af000000001000c28f21e8c00344
:108a84001c00bf8f1800be8f2000bd270800e00324
:048a940000000000de
:020000040000fa
:020000041d00dd
:108a98000000838c80bf023c00064224080082103c
:108aa8000011637c070002240a0062100000000025
:108ab80001000224041862000800e003ffff62308e
:108ac8000400642c05008014211000000800e00355
:108ad800000000000800e003000102244018030021
:108ae800019d023c1c9a4224211862000800e00300
:048af8000000629484
:020000040000fa
:020000041d00dd
:108afc00e0ffbd271c00bfaf1800b0af2180800085
:108b0c000a24400f2120a000019d043c409a868c31
:108b1c00449a878c212040005d0d400f2128600075
:108b2c00212000021000a2af0a24400f1400a3afb2
:108b3c0021204000212860001000a68f530c400f0c
:108b4c001400a78f1c00bf8f1800b08f0800e00323
:048b5c002000bd2711
:020000040000fa
:020000041d00dd
:108b6000e8ffbd271400bfaf1000beaf21f0a00387
:108b70001800c4af0e22400f0000000021200000aa
:108b800001000524cf25400f000000002120000037
:108b90002128000001000624f022400f0000000000
:108ba0002822400f0000000021e8c0031400bf8ffe
:108bb0001000be8f1800bd270800e0030000000071
:020000040000fa
:020000041d00dd
:108bc0000800a6af0800a28f010003241000431084
:108bd0000200032410004310040003240500431086
:108be0000800032404004310030004240800e003e9
:108bf000000000000200042481bf023c00f0438c0e
:108c0000c4a4837c00f043ac0800e0030000000033
:108c1000fe22400b21200000fe22400b0100042414
:020000040000fa
:020000041d00dd
:108c20000080013c12008010243081000200810489
:108c300000000000232004009e00052420388770d7
:108c40002328a7000420e400800084248000882cce
:108c50002128a800034204000100083123208800d5
:108c60004020040042220400c04505002520880061
:108c7000251086000800e00300000000000000004e
:020000040000fa
:020000041d00dd
:108c8000e8ffbd271400bfaf1000beaf21f0a00366
:108c9000ca24400f0000000021200000030005242a
:108ca000213000009025400f00000000212000002e
:108cb000fcff0524010006249025400f0000000061
:108cc00021e8c0031400bf8f1000be8f1800bd271d
:088cd0000800e00300000000b1
:020000040000fa
:020000041d00dd
:108cd80082180500001903000300a43088bf023c75
:108ce8009010422421104300c02004000000478c4b
:108cf80002008424070003240418830027280300a3
:108d08002428a700000045ac0000458c04308600ec
:108d18002418660025286500000045ac0800e0031b
:048d28000000000047
:020000040000fa
:020000041d00dd
:108d2c000000043ce8ffbd270000842403008010f1
:108d3c001400bfaf09f88000000000000000843070
:108d4c000000a530019d083c1894082509f8000185
:108d5c00000000000000023c000042240300401010
:108d6c000000000009f8400000000000f9ff0010ae
:048d7c0000000000f3
:020000040000fa
:020000041d00dd
:108d8000d0ffbd272c00bfaf2800b0af21808000ee
:108d90001000a427ff7f02242000a2af1400a0af80
:108da0001000b0af1800b0afc20002240000400fa6
:108db0001c00a2a71000a28f000040a01000a28fec
:108dc000231050002c00bf8f2800b08f0800e00354
:048dd0003000bd278b
:020000040000fa
:020000041d00dd
:108dd400821805000019030088bf023c9010422449
:108de400211043000300a4300000478cc02004007d
:108df4000300032404188300272803002428a70061
:108e0400000045ac0000458c043086002418660040
:108e140025286500000045ac0800e00300000000c0
:020000040000fa
:020000041d00dd
:108e24000a00e01480290500c0ffa52488bf023c85
:108e34006460422421284500010002240430c20059
:108e44000000a6ac0800e00300000000c0ffa2245c
:108e540088bf053c6860a5242128a20001000224e3
:108e64000430c2000000a6ac0800e00300000000cb
:020000040000fa
:020000041d00dd
:108e7400000082944429a27c000082a40000829411
:108e84008431c27c000082a400008294c439e27c54
:108e9400000082a4000082941400a393446b627cbb
:108ea400000082a4000082941000a3930463627cf7
:0c8eb400000082a40800e00300000000a1
:020000040000fa
:020000041d00dd
:108ec000e8ffbd271400bfaf06008004211080001a
:108ed0000823400f000000001400bf8f0800e003cb
:108ee0001800bd2742200400010042300823400f33
:108ef0002520820021204000950f400f21284000ae
:0c8f00001400bf8f0800e0031800bd271c
:020000040000fa
:020000041d00dd
:108f0c00f8ffbd270400bfaf0000beaf21f0a003e7
:108f1c002110000000488240c0000000000000004a
:108f2c00004802400500422cfdff401400000000e8
:108f3c0021e8c0030400bf8f0000be8f0800bd27ce
:088f4c000800e0030000000032
:020000040000fa
:020000041d00dd
:108f54000000023c00004224050040100000023cd6
:108f64000000422403004010019d023c3f000070b9
:108f7400019d023ce48f42240500401000000000e3
:108f8400e8ffbd271400bfaf09f84000000000004f
:088f9400e523400b0000000082
:020000040000fa
:020000041d00dd
:108f9c000000023c00004224070040100000023c8c
:108fac000000422405004050019d023c3f0000702f
:108fbc000800e00300000000019d023ce48f422405
:108fcc00030040100000000009f840000000000001
:088fdc000800e00300000000a2
:020000040000fa
:020000041d00dd
:108fe40000606041c000000099aa033c81bf023cbc
:108ff4005566632430f240ac30f243ac6655033c12
:10900400aa99633430f243ac81bf023c01000324cb
:1090140018f643ac81bf023c10f6428cfb23400b94
:1090240000000000e8ffbd271400bfaf1000b0af80
:10903400e520400f21808000080001061400bf8f46
:10904400019d043c289a868c2c9a878c2120400010
:10905400530c400f212860001400bf8f1000b08f04
:089064000800e0031800bd271d
:020000040000fa
:020000041d00dd
:10906c00e8ffbd271400bfaf1000beaf21f0a00376
:10907c00010004246f21400f0000000001000224b5
:10908c001e8082a30100022421e8c0031400bf8fbc
:10909c001000be8f1800bd270800e0030000000080
:020000040000fa
:020000041d00dd
:1090ac00e8ffbd271400bfaf1000beaf21f0a00336
:1090bc00010004248a21400f00000000010002245a
:1090cc001f8082a30100022421e8c0031400bf8f7b
:1090dc001000be8f1800bd270800e0030000000040
:020000040000fa
:020000041d00dd
:1090ec00e8ffbd271400bfaf1000beaf21f0a003f6
:1090fc0001000424a521400f0000000001000224ff
:10910c00208082a30100022421e8c0031400bf8f39
:10911c001000be8f1800bd270800e00300000000ff
:020000040000fa
:020000041d00dd
:10912c000400a22c0700401001000224040082acb1
:10913c00000082944410a27c000082a40800e0038a
:10914c0000000000080082acfcffa5240000829403
:10915c004410a27c000082a40800e0030000000080
:020000040000fa
:020000041d00dd
:10916c00f8ffbd270400beaf21f0a0032110800042
:10917c000c00c5af0800c2a7020002244c8082afcd
:10918c00488080af2110000021e8c0030400be8f8e
:0c919c000800bd270800e00300000000f0
:020000040000fa
:020000041d00dd
:1091a8008029050080330600ff00a530ffffc63088
:1091b800c0000224140082ac180085ac00c0023440
:1091c800140082ac180086ac00008294044ae27c49
:0c91d800000082a40800e003000000007a
:020000040000fa
:020000041d00dd
:1091e400e8ffbd271400bfaf1000beaf21f0a003fd
:1091f40080bf023c003244344226400f000000008d
:1092040021e8c0031400bf8f1000be8f1800bd27d3
:089214000800e0030000000067
:020000040000fa
:020000041d00dd
:10921c00e8ffbd271400bfaf1000beaf21f0a003c4
:10922c0080bf023c003444344226400f0000000052
:10923c0021e8c0031400bf8f1000be8f1800bd279b
:08924c000800e003000000002f
:020000040000fa
:020000041d00dd
:10925400e8ffbd271400bfaf1000beaf21f0a0038c
:1092640080bf023c000844346d26400f000000001b
:1092740021e8c0031400bf8f1000be8f1800bd2763
:089284000800e00300000000f7
:020000040000fa
:020000041d00dd
:10928c00e8ffbd271400bfaf1000beaf21f0a00354
:10929c0021200000fb24400f0000000021e8c00347
:1092ac001400bf8f1000be8f1800bd270800e0030c
:0492bc0000000000ae
:020000040000fa
:020000041d00dd
:1092c000e8ffbd271400bfaf1000beaf21f0a00320
:1092d000212000000e26400f0000000021e8c003fe
:1092e0001400bf8f1000be8f1800bd270800e003d8
:0492f000000000007a
:020000040000fa
:020000041d00dd
:1092f400f8ffbd270400beaf21f0a00388bf033ce4
:109304002061629401000424c418827c206162a458
:1093140021e8c0030400be8f0800bd270800e00355
:049324000000000045
:020000040000fa
:020000041d00dd
:10932800e8ffbd271400bfaf1000beaf21f0a003b7
:1093380021200000c325400f0000000021e8c003e1
:109348001400bf8f1000be8f1800bd270800e0036f
:049358000000000011
:020000040000fa
:020000041d00dd
:10935c005450322050574d20323032322d32303270
:10936c0033000000416c69205a6f7562697200000d
:10937c004d6576656e205269636368696572690034
:020000040000fa
:020000041d00dd
:10938c00f8ffbd270400bfaf0000beaf21f0a00363
:10939c00006802407c00423082100200288082afbc
:1093ac00007002402c8082afed24400b00000000c6
:020000040000fa
:020000041d00dd
:1093bc00e8ffbd271400bfaf1000beaf21f0a00323
:1093cc005613400f0000000021e8c0031400bf8fab
:1093dc001000be8f1800bd270800e003000000003d
:020000040000fa
:020000041d00dd
:1093ec00f8ffbd270400beaf21f0a0030800c4aff6
:1093fc000800c28f308082af21e8c0030400be8f0a
:0c940c000800bd270800e003000000007d
:020000040000fa
:020000041d00dd
:10941800e8ffbd271400bfaf1000beaf21f0a003c6
:1094280021200000041a400f00000000ef24400f24
:0c943800000000000d25400b00000000ab
:020000040000fa
:020000041d00dd
:10944400f8ffbd270400beaf21f0a0030800c4af9d
:10945400c404023c00b4423421e8c0030400be8fbb
:0c9464000800bd270800e0030000000025
:020000040000fa
:020000041d00dd
:10947000f8ffbd270400beaf21f0a003c404023ce6
:1094800000b4423421e8c0030400be8f0800bd27a9
:089490000800e00300000000e9
:020000040000fa
:020000041d00dd
:1094980081bf023c30f240ac99aa033c5566632474
:1094a80030f243ac6655033caa99633430f243acbe
:0894b8000800e00300000000c1
:020000040000fa
:020000041d00dd
:1094c000421905000019030088bf023c30104224f5
:1094d00021104300010003240428a300040045ac2c
:0894e0000800e0030000000099
:020000040000fa
:020000041d00dd
:1094e800421905000019030088bf023c601042249d
:1094f80021104300010003240428a300080045ac00
:089508000800e0030000000070
:020000040000fa
:020000041d00dd
:10951000421905000019030088bf023c6010422474
:1095200021104300010003240428a300040045acdb
:089530000800e0030000000048
:020000040000fa
:020000041d00dd
:1095380080290500c0ffa52488bf023c686042243a
:1095480021104500010003240430c300000046ac8c
:089558000800e0030000000020
:020000040000fa
:020000041d00dd
:1095600080290500c0ffa52488bf023c6460422416
:1095700021104500010003240430c300000046ac64
:089580000800e00300000000f8
:020000040000fa
:020000041d00dd
:1095880080290500c0ffa52488bf023c6c604224e6
:1095980021104500010003240430c300000046ac3c
:0895a8000800e00300000000d0
:020000040000fa
:020000041d00dd
:1095b0001b00a600f401c00012300000421006009b
:1095c000ffff4224ff004230280082ac0800e00385
:0495d0000000000097
:020000040000fa
:020000041d00dd
:1095d400421905000019030088bf023c30104224e0
:1095e400211043000000428c0610a2000800e00392
:0495f4000100423000
:020000040000fa
:020000041d00dd
:1095f800421905000019030088bf023c601042248c
:10960800211043000000428c0610a2000800e0036d
:0496180001004230db
:020000040000fa
:020000041d00dd
:10961c00f8ffbd270400bfaf0060024001004234d8
:10962c0000608240c00000000400bf8f0800e0030f
:04963c000800bd273e
:020000040000fa
:020000041d00dd
:109640000400c01081bf023c689045ac0800e003f4
:1096500000000000649045ac0800e003000000003a
:020000040000fa
:020000041d00dd
:1096600080290500c0ffa52488bf023c6060422419
:10967000212845000000a6ac0800e003000000001f
:020000040000fa
:020000041d00dd
:1096800080290500c0ffa52488bf023c4460422415
:10969000212845000000a6ac0800e00300000000ff
:020000040000fa
:020000041d00dd
:1096a00080290500c0ffa52488bf023c78604224c1
:1096b000212845000000a6ac0800e00300000000df
:020000040000fa
:020000041d00dd
:1096c000f8ffbd270400bfaf00606241c00000008a
:0c96d0000400bf8f0800e0030800bd2765
:020000040000fa
:020000041d00dd
:1096dc000000829401000324c47b627c000082a4fd
:0896ec000800e003000000008b
:020000040000fa
:020000041d00dd
:1096f4000700a52400290500212085000000828c94
:089704000800e0030000000072
:020000040000fa
:020000041d00dd
:10970c0081bf023c00f2438cc418037c00f243acd2
:08971c000800e003000000005a
:020000040000fa
:020000041d00dd
:109724003333033c3333632481bf023c30f243ac14
:089734000800e0030000000042
:020000040000fa
:020000041d00dd
:10973c0081bf023c00f0438c04d6a37c00f043ac08
:08974c000800e003000000002a
:020000040000fa
:020000041d00dd
:109754004002827c0200401408000224040082ac0f
:089764000800e0030000000012
:020000040000fa
:020000041d00dd
:10976c0000601a40bfff1b3cffff7b3724d05b031c
:08977c0000609a401800004251
:020000040000fa
:020000041d00dd
:109784005000828c2528a200580085ac0800e00314
:0497940000000000d1
:020000040000fa
:020000041d00dd
:1097980010008294447ba27c100082a40800e0039d
:0497a80000000000bd
:020000040000fa
:020000041d00dd
:1097ac00100082940400a27c100082a40800e00344
:0497bc0000000000a9
:020000040000fa
:020000041d00dd
:1097c000100082948428a27c100082a40800e00388
:0497d0000000000095
:020000040000fa
:020000041d00dd
:1097d400200082940462a27c200082a40800e0039a
:0497e4000000000081
:020000040000fa
:020000041d00dd
:1097e800000082944439a27c000082a40800e003af
:0497f800000000006d
:020000040000fa
:020000041d00dd
:1097fc00000082940452a27c000082a40800e003c2
:04980c000000000058
:020000040000fa
:020000041d00dd
:10981000100082944408a27c100082a40800e00397
:049820000000000044
:020000040000fa
:020000041d00dd
:109824000000828c8431a27c000082ac0800e0033a
:049834000000000030
:020000040000fa
:020000041d00dd
:109838000010032488bf023c081043ac0800e00372
:04984800000000001c
:020000040000fa
:020000041d00dd
:10984c0000008294c418a27c000082a40800e003eb
:04985c000000000008
:020000040000fa
:020000041d00dd
:10986000000082944429a27c000082a40800e00346
:0498700000000000f4
:020000040000fa
:020000041d00dd
:10987400000082940410a27c000082a40800e0038b
:0498840000000000e0
:020000040000fa
:020000041d00dd
:109888000000828c0410a27c000082ac0800e00377
:0498980000000000cc
:020000040000fa
:020000041d00dd
:10989c000000828c0429a27c000082ac0800e0034a
:0498ac0000000000b8
:020000040000fa
:020000041d00dd
:1098b0000080033488bf023cc86143ac0800e00369
:0498c00000000000a4
:020000040000fa
:020000041d00dd
:1098c400000082944408a27c000082a40800e00303
:0498d4000000000090
:020000040000fa
:020000041d00dd
:1098d80000040224180082ac0800e0030000000025
:020000040000fa
:020000041d00dd
:1098e80004000224080082ac0800e0030000000025
:020000040000fa
:020000041d00dd
:1098f80004000224040082ac0800e0030000000019
:020000040000fa
:020000041d00dd
:1099080000800234080082ac0800e0030000000078
:020000040000fa
:020000041d00dd
:1099180088bf023cd86145ac0800e00300000000a5
:020000040000fa
:020000041d00dd
:1099280088bf023ce86145ac0800e0030000000085
:020000040000fa
:020000041d00dd
:1099380000800234080082ac0800e0030000000048
:020000040000fa
:020000041d00dd
:1099480000800234040082ac0800e003000000003c
:020000040000fa
:020000041d00dd
:1099580000800234040082ac0800e003000000002c
:020000040000fa
:020000041d00dd
:1099680002000224140082ac0800e003000000009a
:020000040000fa
:020000041d00dd
:0c9978001000828c0800e003c001427c5b
:020000040000fa
:020000041d00dd
:0c998400100085ac0800e00300000000ab
:020000040000fa
:020000041d00dd
:0c999000200085ac0800e003000000008f
:020000040000fa
:020000041d00dd
:0c999c00100080ac0800e0030000000098
:020000040000fa
:020000041d00dd
:0c99a800200085ac0800e0030000000077
:020000040000fa
:020000041d00dd
:0c99b4002000828c0800e003ffff42301e
:020000040000fa
:020000041d00dd
:0c99c0001000828c0800e0034010427c84
:020000040000fa
:020000041d00dd
:0c99cc003000828c0800e0032014027cb4
:020000040000fa
:020000041d00dd
:0c99d8001000828c0800e0030100423007
:020000040000fa
:020000041d00dd
:0c99e400200085ac0800e003000000003b
:020000040000fa
:020000041d00dd
:0c99f0001000828c0800e0034002427c62
:020000040000fa
:020000041d00dd
:0899fc000000401454000000bb
:020000040000fa
:020000041d00dd
:089a04000800e0030100022448
:020000040000fa
:020000041d00dd
:089a0c000800e0030100022440
:020000040000fa
:020000041d00dd
:089a14000800e0030100022438
:020000040000fa
:020000041d00dd
:089a1c000100080040000001f8
:020000040000fa
:020000041d00dd
:089a2800000000000000f04105
:020000040000fa
:020000041d00dd
:089a30000800e0030000000043
:020000040000fa
:020000041d00dd
:089a38000800e003000000003b
:020000040000fa
:020000041d00dd
:089a4000000000000000f041ed
:020000040000fa
:020000041d00dd
:047bc40000008043fa
:00000001FF
